,Term,Embedding
0,Daily or Recreational Activity,"tensor([[ 3.5672e-01, -1.0010e-01,  7.4955e-01,  3.6979e-01, -6.2284e-02,
         -1.1153e+00, -2.7213e-02, -4.3588e-01,  4.3132e-01, -2.7918e-01,
         -4.0231e-01,  3.6774e-01,  1.3147e-01, -1.0478e-01, -3.4143e-01,
          2.8247e-01,  3.0491e-01, -2.2402e-02, -1.2068e-01, -3.7369e-01,
          4.1217e-01, -1.8689e-01,  3.1921e-01, -2.5705e-01, -1.9037e-01,
          2.5031e-01, -5.0173e-01,  1.3768e-01, -3.7831e-01, -2.2409e-01,
         -3.3150e-01,  1.7260e-01, -2.0025e-01,  2.9918e-01, -2.0057e-01,
         -2.3224e-01,  6.2014e-01,  9.8879e-02,  1.5386e-01, -8.8439e-02,
          9.4946e-01, -3.0868e-01,  2.2133e-02, -3.7532e-02, -1.7485e-01,
          1.8148e-01, -4.5524e-02,  1.6826e-01, -2.3996e-01,  4.5667e-01,
          8.5671e-01,  3.8700e-01,  3.2971e-01,  4.4845e-01, -1.0859e-01,
         -2.2422e-02,  2.1115e-01, -2.8942e-01,  7.7060e-02,  7.7408e-02,
          6.4305e-01,  6.4575e-02,  1.3247e-02, -5.5511e-02,  9.7409e-02,
         -1.0338e-01, -5.0795e-02, -1.8393e-01, -1.6629e-01,  2.5907e-01,
         -1.3619e-01, -1.7100e-01, -1.7039e-02, -1.6382e-01, -3.4304e-01,
          4.1860e-01, -4.4590e-01,  2.3399e-01,  5.1233e-01,  6.9112e-02,
         -4.6673e-02,  1.3868e-01, -8.0259e-02,  2.5761e-01,  3.3719e-01,
         -8.4462e-02,  2.0009e-01,  2.0837e-01,  1.4179e-01,  2.4310e-01,
          5.6456e-01,  1.5090e-01,  8.7386e-01,  3.8228e-01,  1.3981e-01,
         -5.1192e-01, -3.0023e-01, -3.4363e-01, -1.9046e-01, -4.3022e-01,
          5.7233e-01, -2.6695e-01, -2.5542e-01,  5.0949e-01, -6.4968e-01,
          2.7745e-01,  1.2054e-01, -5.3735e-02, -1.8561e-01, -2.6782e-01,
          4.7819e-01, -2.2501e-02, -2.0179e-01, -2.7777e-01, -2.6169e-01,
         -3.5581e-01,  2.4691e-01,  1.9390e-01,  4.0805e-01,  3.6477e-01,
         -5.8354e-02,  1.2459e-01,  7.5591e-01,  1.1023e+00,  3.0334e-01,
          1.9798e-01, -7.5278e-01,  5.9243e-02,  3.8224e-02,  3.7183e-02,
         -2.4833e-01,  1.0494e-01,  2.8721e-01,  2.0049e-01,  3.7152e-01,
         -3.0419e-01,  4.8685e-01, -5.2561e-01, -1.1481e-01, -5.4484e-02,
         -1.9599e-01,  6.1261e-01,  2.7596e-01, -3.3873e-01,  2.3173e-01,
          3.5643e-01, -2.8342e-01,  4.1877e-02,  3.0909e-01,  9.2504e-02,
          1.2679e-01,  1.4417e-02, -6.1442e-01, -4.0121e-01, -1.9461e-01,
          4.3356e-01, -1.7796e-01, -1.4024e-01,  9.7687e-02,  3.6373e-01,
          1.2336e-01,  2.8885e-01,  2.8766e-02,  3.5290e-02, -2.6292e-01,
         -8.2792e-01, -6.3877e-01,  7.6876e-02,  3.2204e-01,  3.4518e-01,
         -2.3295e-01, -2.8321e-01, -2.0358e-01,  3.0467e-01,  5.6094e-03,
         -2.1790e-01,  3.4288e-01,  2.8289e-02, -5.8096e-01, -3.0608e-01,
         -6.5526e+00, -3.6947e-01,  1.0217e-01, -4.5797e-02,  4.4424e-01,
          1.2045e-01, -3.1518e-01,  5.4616e-01,  6.6619e-01, -9.3479e-01,
          2.0889e-02, -2.5644e-01, -5.0081e-01,  5.3428e-01,  9.0840e-02,
         -3.0458e-02, -5.4242e-02, -2.4474e-01,  3.0942e-01,  5.0500e-01,
          2.6135e-02, -2.3848e-01,  1.9878e-03,  4.0711e-01, -1.0530e+00,
         -4.7221e-01,  5.8631e-01, -5.7196e-01,  1.8420e-01,  9.3463e-03,
         -4.3238e-01,  4.4909e-01,  7.6330e-01, -6.3084e-01,  6.0689e-01,
         -2.4017e-01,  6.3989e-01, -7.2759e-01, -6.0282e-01, -6.7121e-02,
         -8.9873e-02, -3.0532e-01,  3.8206e-01,  3.8740e-01,  1.8270e-01,
         -1.8716e+00,  6.0794e-01,  2.3062e-01,  3.1506e-01, -4.3630e-02,
         -1.8429e-01, -1.8334e-01,  1.3978e-01,  1.3826e-01,  9.8296e-02,
          4.2061e-01,  5.7182e-01,  1.6009e-01, -3.5733e-02, -1.8073e-01,
         -3.1564e-01,  3.8864e-01, -3.7882e-02, -3.0450e-02, -6.0436e-01,
         -3.7033e-01, -2.4314e-01,  4.5686e-01,  4.3108e-01, -2.3101e-01,
         -4.0122e-01, -6.2043e-01,  2.5597e-01, -3.3696e-01,  2.4629e-02,
          2.9188e-01,  4.2002e-01,  1.5728e-03,  4.1395e-01,  1.0244e-02,
         -6.7930e-02,  1.8391e-01,  3.2371e-02, -2.0068e-01, -3.9791e-01,
          5.1163e-01, -6.5624e-01, -1.3351e-01, -1.5227e-01,  4.3544e-01,
          1.1918e+00, -1.5914e-01, -3.1622e-01, -4.5435e-01, -1.0130e-02,
         -3.0919e-01,  2.6293e-01, -3.3652e-01,  3.7368e-01,  3.6796e-01,
         -1.5873e-01, -6.8439e-02,  1.0187e+00,  3.4446e-01,  7.7455e-01,
          1.2292e-01, -7.6494e-01, -4.5657e-01,  3.0730e-01, -5.4341e-01,
          4.2503e-01, -4.1498e-01, -1.9807e-02, -1.6416e-01,  7.6200e-01,
         -2.3758e-02,  1.5550e-01,  7.4211e-01, -1.3034e-01, -1.6361e-01,
          7.2363e-02, -1.7488e-01,  3.8195e-02, -3.3892e-01, -3.8817e-02,
         -6.5887e-01, -3.6833e-01, -8.1720e-03, -4.4624e+00, -2.6745e-01,
         -3.7470e-01, -7.4656e-02,  3.8594e-02, -3.1726e-01, -1.1925e-01,
         -3.8754e-02, -2.7339e-02,  3.0762e-02,  6.1677e-01, -4.6666e-01,
          2.4370e-01,  9.3085e-02, -3.4756e-01,  4.7773e-01, -9.8708e-02,
          1.2026e-01,  3.3529e-01, -5.7554e-01, -5.5260e-01, -6.2303e-02,
          3.0458e-01, -1.7688e-01,  5.2653e-01, -7.6163e-01, -6.6041e-01,
          3.3788e-01, -6.2358e-01, -1.4993e-01, -4.8887e-02,  2.1884e-01,
         -7.3711e-02, -4.2386e-01,  1.5854e-02,  4.0762e-01,  3.1956e-01,
          6.1480e-01,  1.9104e-01, -7.2538e-01,  8.5111e-02,  1.5342e-01,
         -2.0443e-01, -5.3973e-01, -6.4247e-01,  8.0949e-02, -1.4898e-01,
          2.8663e-01, -1.5269e-01,  1.6819e-01, -3.8687e-01, -1.3820e-01,
          4.1979e-01, -6.1536e-01, -9.7108e-03, -1.1348e-02,  4.9313e-01,
         -3.1466e-01, -4.9097e-01, -1.4415e-01,  1.6041e-01,  1.7290e-01,
          1.9237e-01,  1.8484e-01, -2.0430e-01,  2.1426e-01,  2.1758e-01,
          4.4940e-01, -2.9628e-01, -2.6414e-01, -7.7809e-01,  4.8701e-01,
          2.7031e-02, -6.6753e-01, -5.8283e-01, -1.2883e-01, -1.9125e-01,
         -4.8667e-02, -9.5626e-02, -1.2574e-01, -1.2418e-01,  4.4544e-01,
         -9.1960e-02,  1.1825e+00,  3.4500e-01,  8.1766e-02,  3.4137e-01,
          1.9185e-01,  2.9205e-01,  5.6790e-01,  3.0506e-01,  2.6234e-02,
         -4.2102e-01, -2.3419e-01,  1.4458e-01,  1.0207e-01,  1.7176e-01,
         -6.4231e-02,  5.0580e-01, -1.7893e-01, -4.1402e-01,  2.1563e-01,
         -1.4847e-01, -1.1554e-01, -4.8785e-01, -1.4785e-01, -1.7279e-01,
         -8.1676e-02, -3.6116e-01, -5.4132e-02,  1.0875e-01, -2.8400e-01,
         -4.7138e-01,  4.1664e-01,  7.6929e-01, -2.0542e-02, -7.3114e-01,
          1.1584e-01,  3.6979e-01, -2.4535e-01, -2.0836e-01,  3.7933e-01,
          3.6479e-01,  3.0357e-01, -4.5892e-01,  5.3318e-02, -1.7420e-01,
          2.6846e-01, -1.9388e-01, -1.6782e-01,  8.8114e-02,  3.5446e-01,
          4.1389e-01, -7.2998e-01, -4.6791e-02, -7.0306e-02,  2.1750e-01,
          9.5919e-01,  2.3590e-03,  1.3959e-01,  5.1415e-01,  1.5343e-01,
         -2.7791e-01,  1.0675e-01,  1.4429e-02,  6.5094e-02, -7.1047e-01,
          4.2531e-01,  5.3810e-02, -1.1199e-01,  2.7953e-01, -3.0070e-01,
          6.7401e-01, -5.0427e-01, -3.2708e-01, -3.2976e-01, -1.6940e-01,
          1.9663e-01, -6.4779e-02,  4.4243e-01, -4.2648e-01,  8.1776e-03,
          2.3278e-01, -4.5612e-02, -6.7734e-01, -2.9767e-01,  2.0196e-01,
         -5.1526e-01, -3.6019e-01,  7.3720e-01,  3.0684e-01, -1.5394e-01,
          6.7671e-03, -4.1214e-01,  3.2947e-01,  3.0600e-01,  5.9810e-03,
         -7.6056e-02,  7.1436e-01, -2.7295e-01, -1.1336e-01, -3.6215e-01,
          4.7495e-01,  6.0296e-01,  5.6010e-01, -1.9695e-01,  2.7579e-01,
         -5.2243e-01,  1.6612e-02,  1.1853e-01,  2.8912e-01, -2.6702e-01,
         -7.5305e-02,  4.0901e-02,  4.7533e-01,  6.3369e-01,  3.8199e-01,
         -1.6663e-01, -2.8046e-02, -2.2349e-02, -9.7795e-04,  2.5760e-01,
         -3.7825e-01, -1.7804e-01, -9.0709e-02,  4.3012e-01,  2.6818e-01,
          1.3082e-01, -8.0399e-02,  3.5926e-02, -6.8552e-03, -4.2806e-02,
         -3.7994e-02, -3.2697e-01,  5.2345e-01, -4.2592e-02,  1.8973e-01,
          4.8688e-01,  1.0960e+00, -3.7868e-01,  1.4580e-01, -8.7965e-02,
         -4.3678e-01,  7.0340e-02, -1.0512e-01, -5.6806e-01, -1.3950e-01,
          8.2584e-02, -8.4202e-02, -5.9421e-02,  1.2786e-01,  3.4455e-01,
          5.9501e-02,  2.8033e-02,  2.3097e-01,  4.1632e-03, -9.9298e-02,
          5.5627e-01,  7.3540e-02,  1.7153e-01, -4.5707e-01, -1.9839e-01,
         -5.1406e-01,  6.1653e-02,  1.9359e-01,  1.8112e-01,  2.0621e-01,
          3.9709e-01,  5.9408e-01, -6.1268e-01,  2.2128e-02,  3.8465e-02,
          4.8952e-01,  2.7604e-01, -2.8196e-01, -2.3178e-01, -3.5066e-01,
          1.3842e-01,  5.9777e-02, -3.0198e-01,  1.5710e-01,  5.2100e-01,
          2.9063e-01, -5.2496e-01, -2.8206e-01,  3.4849e-01,  3.5802e-01,
         -1.2640e-01,  4.6002e-02,  9.9697e-01,  3.9552e-01,  1.9197e-01,
         -4.0781e-02,  2.7486e-01,  5.2905e-02,  3.2255e-01, -2.5511e-01,
          2.6782e-02,  6.0032e-02,  2.0973e-01,  2.2514e-01,  1.2968e-01,
         -4.4870e-01,  3.0975e-01,  4.6877e-01,  1.8318e-01, -6.0124e-02,
         -2.7590e-01,  5.7755e-01, -4.7636e-01,  3.7957e-01, -6.4414e-02,
          1.7459e-01, -6.0925e-01, -7.0235e-01,  4.6981e-01, -6.2182e-01,
          4.0296e-01, -2.6547e-02, -3.5070e-01,  2.6948e-01, -9.0171e-02,
         -7.8432e-02,  1.9989e-01, -2.2740e-02,  2.1233e-01,  4.2309e-01,
          1.5545e-01, -9.6878e-03, -2.0274e-01,  1.6733e-01,  3.6341e-01,
         -7.1119e-02,  5.9156e-01, -8.7417e-01, -2.6034e-03,  2.0864e-01,
         -2.5938e-01, -2.2471e-01,  2.2755e-01, -2.1136e-01,  1.7948e-01,
          2.1685e-01, -3.5935e-01,  2.8285e-01, -6.5489e-01, -1.7437e-01,
         -5.0960e-01,  8.7089e-02,  1.0749e-01,  5.7048e-01,  5.8587e-01,
         -5.6362e-01,  2.1946e-01,  3.7184e-01,  5.5390e-02,  3.3790e-01,
          1.4413e-01,  2.3829e-01, -4.3253e-01,  5.5276e-01, -4.1375e-02,
         -8.2082e-02, -1.8529e-01, -7.5452e-02, -1.3675e-01, -2.9020e-01,
          2.3341e-01, -1.2089e-01, -3.2428e-01,  1.4953e-01, -7.1834e-03,
         -1.5975e-03,  2.6646e-02, -3.3591e-01, -9.3275e-02, -5.1787e-02,
          4.8306e-01,  1.1004e-01, -3.5935e-01, -4.5210e-01, -4.4431e-01,
         -3.8227e-01,  5.8970e-02,  2.9282e-01,  2.8763e-01,  2.4555e-01,
          2.1640e-01, -3.8696e-01,  1.8760e-01,  4.9311e-02,  2.1742e-01,
         -4.9903e-02, -2.7391e-02,  1.9231e-01, -6.0612e-02, -4.0563e-01,
         -1.5760e-01, -6.4185e-01, -1.5258e-01,  5.8750e-01, -2.1346e-01,
          1.8598e-01,  1.0400e-01, -2.8005e-01,  1.3587e-01, -4.7775e-01,
          8.9737e-02, -4.1288e-01,  1.7935e-01, -9.0384e-02, -1.5446e-01,
         -5.9141e-01, -3.3701e-02,  4.0227e-01,  4.6373e-01, -1.3471e-01,
         -5.6128e-02,  2.1785e-01, -1.0442e-01,  1.4417e-01,  8.2385e-03,
         -4.4648e-01,  2.2828e-01,  4.1834e-01, -3.4551e-01,  6.1924e-01,
         -4.1082e-01,  1.0762e-01,  8.2065e-02,  1.2633e-01, -4.0863e-01,
         -2.5400e+00,  6.0747e-01,  3.8656e-01,  6.0718e-02,  2.9517e-01,
          3.7870e-01, -1.3362e-01, -2.9991e-01,  2.0963e-01,  2.1124e-01,
          6.5325e-01, -2.3727e-01, -2.7502e-01,  1.0988e-01, -5.7301e-01,
          6.2784e-01,  3.6118e-01,  1.6921e-01, -1.2995e-01, -1.1844e-01,
         -3.1971e-02, -7.7182e-02,  6.6847e-02, -1.1398e-01, -3.6884e-01,
          4.3412e-02,  2.3909e-01, -4.4384e-01, -6.5475e-01, -4.4918e-01,
          4.7423e-01, -1.1958e-01, -4.5123e-01, -7.8314e-01,  3.0043e-01,
         -1.2404e-01, -1.4448e-01, -2.8866e-01,  6.9193e-01, -2.0929e-01,
         -6.6438e-01, -2.2500e-01,  1.4740e-01, -2.9563e-01, -3.5428e-01,
          4.1211e-01, -4.4158e-01, -1.4737e-01]])"
1,Disease or Syndrome,"tensor([[ 1.0456e-01,  2.1973e-01,  3.8722e-01,  1.6557e-01,  1.6577e-01,
         -4.7772e-01,  3.9101e-02, -1.8411e-01, -3.5811e-01, -1.0089e+00,
         -2.4424e-02,  6.3213e-02, -2.7501e-01,  5.8948e-01, -2.7441e-02,
          3.3705e-02,  1.6450e-01,  1.5976e-01,  3.9068e-03, -2.4573e-01,
         -6.4246e-02, -6.6880e-02,  3.0990e-01, -5.9239e-01,  1.1524e-01,
         -5.8986e-01,  9.5787e-02,  4.7065e-01, -2.2513e-01,  5.0081e-02,
          3.0161e-01, -6.2175e-01, -1.0716e-02, -3.8096e-03,  1.8208e-01,
          5.2650e-02,  2.5389e-01, -7.8931e-02, -5.1318e-01, -3.6738e-01,
          2.5581e-01, -4.2826e-01,  3.0957e-01, -5.7326e-01,  3.1788e-02,
          2.3523e-01, -4.8821e-01,  3.0469e-01,  4.7272e-02, -1.7507e-01,
          1.5267e-01,  1.4342e-01, -8.2281e-02,  1.8849e-01, -4.1335e-02,
          2.0205e-01, -1.3251e-01,  1.8543e-01, -5.1776e-01,  3.1703e-02,
          2.2619e-01, -3.4896e-01,  2.6300e-01, -8.9697e-01,  3.2152e-01,
         -5.8925e-02, -3.0403e-01, -3.5715e-01,  3.9538e-01,  3.4232e-01,
          2.3532e-01, -4.1057e-01, -2.0505e-01,  2.1852e-02, -5.9935e-02,
         -1.6662e-01,  1.3935e-01,  4.0994e-01,  6.2161e-01,  1.0115e-01,
         -1.9191e-01,  3.3687e-01,  1.4666e-01,  2.6644e-01,  4.3970e-01,
          2.9710e-01,  1.7071e-01, -2.0973e-02,  3.1147e-01, -1.9072e-01,
         -1.0550e-01, -7.6580e-02,  1.6753e-01,  1.7880e-01,  4.8937e-01,
         -2.2381e-02, -3.8706e-01,  4.5772e-01,  1.5505e-01,  3.2043e-01,
          1.1731e-01, -2.9610e-02,  3.2808e-01,  5.0597e-02,  8.4796e-02,
         -4.0735e-01, -3.9178e-01, -3.6043e-01,  1.0535e-01, -4.6965e-01,
         -2.4809e-02, -5.0230e-01, -1.0310e+00,  2.0447e-01, -9.3599e-02,
          4.9814e-01,  5.4403e-01,  5.1494e-02,  7.7186e-01, -9.7489e-03,
         -9.9271e-02,  2.3806e-01,  2.2784e-01,  1.1290e+00,  2.5090e-01,
          3.0020e-01, -9.1760e-01,  3.7174e-01, -1.4104e-01,  2.9805e-01,
         -2.2608e-01, -4.2195e-02,  1.1294e-02,  1.8595e-02, -2.0023e-01,
          9.8513e-02,  1.6158e-01,  2.2854e-01,  1.7652e-01, -2.7822e-01,
         -6.9219e-01,  3.8027e-01,  5.8240e-01, -3.3865e-01, -3.3312e-01,
         -3.2273e-01, -4.7606e-01, -3.9807e-01, -3.7856e-01,  6.4965e-01,
         -3.3585e-01,  6.5317e-01, -4.2450e-01,  9.6474e-03, -3.6890e-02,
          7.9730e-01, -4.7434e-01, -1.7834e-01, -3.9424e-01,  1.4345e-01,
          8.2390e-02, -2.0468e-01, -2.9590e-01, -4.3322e-02,  3.9242e-01,
         -9.0338e-01,  1.7945e-01,  7.4324e-02,  4.6135e-01,  5.3872e-01,
         -4.4770e-01, -5.4361e-01,  1.8016e-01,  1.8843e-01,  1.3749e-02,
         -1.3143e-01, -1.1410e-02, -3.6480e-01, -3.1788e-01, -1.9708e-01,
         -2.4034e-01,  4.0828e-01,  2.1502e-01, -4.3491e-01, -8.6304e-02,
         -1.4044e-01,  5.6016e-01, -1.1190e-01,  9.3904e-02,  7.3061e-02,
         -3.8648e-01, -3.0127e-01,  8.2803e-01, -8.9050e-02,  8.4424e-01,
         -7.1915e-01, -1.3001e-01,  4.0277e-01, -2.1740e-01,  5.2785e-01,
          3.5497e-02,  9.0265e-02,  3.7981e-02, -1.2944e-01, -1.1932e-01,
          3.6322e-02, -7.0093e-02, -1.6095e-01,  2.9050e-01, -3.6790e-01,
          5.6583e-01, -2.2586e-02,  6.6600e-01, -2.7371e-01,  3.8338e-01,
         -7.4045e-01,  2.0736e-01, -1.6752e-01,  1.8218e-01,  1.0398e-01,
          1.1829e-01, -3.5919e-02,  2.7487e-01,  7.2924e-01,  5.9323e-02,
         -1.3448e-01,  5.2557e-01,  1.0706e-01,  4.9215e-01,  1.9124e-01,
          1.7015e-01, -2.6420e-01,  1.4898e-01, -2.0374e-01,  2.1729e-01,
         -9.2548e-02,  2.4767e-01,  7.5652e-02,  2.3704e-01,  1.9592e-01,
         -7.8687e-02,  4.4426e-01, -7.5766e-01, -3.7613e-01, -3.4601e-01,
         -3.3142e-01, -3.6926e-01,  1.9606e-01, -7.4284e-02, -2.6884e-01,
         -4.3443e-01, -1.7275e-01, -3.1497e-02, -3.4006e-01, -5.6170e-01,
         -1.2751e-02, -1.1188e-01, -3.4049e-01, -1.1083e-01,  5.2162e-01,
         -7.0203e-02,  7.1566e-02, -7.4835e-02, -4.0096e-01, -4.6153e-01,
         -6.7603e-02, -1.0432e+00,  1.0094e-01,  3.4087e-01,  4.5762e-01,
          8.6571e-01, -4.4261e-02, -1.9223e-01, -1.7474e-01,  2.5029e-02,
         -2.1977e-01,  4.4537e-01, -1.8853e-02, -1.0531e-01, -3.9624e-01,
         -3.3331e-01,  8.2971e-01,  5.5267e-01,  1.3141e-01,  3.0854e-01,
         -5.7130e-02,  1.3253e-01, -3.9677e-01, -5.4202e-01,  7.3445e-02,
          4.5923e-01,  2.5634e-01,  2.2779e-01, -4.6961e-01,  7.8138e-01,
         -4.4175e-02, -9.7122e-02,  1.7351e-01,  3.6711e-01,  5.6058e-01,
         -4.9684e-01,  6.7665e-03, -2.4058e-01,  1.7246e-02,  5.9722e-01,
         -1.6634e-02, -2.9436e-01, -3.1945e-01, -6.1757e+00, -2.2695e-01,
         -2.1935e-01, -1.0780e-01,  8.3290e-02, -5.0541e-01,  2.6713e-01,
         -2.9847e-01, -3.9866e-01,  4.5619e-01,  7.7320e-02,  6.3668e-01,
         -4.4910e-01,  2.3262e-01,  1.5033e-01,  5.5278e-01,  2.6039e-01,
          4.1216e-01,  3.8717e-02,  5.5148e-01,  3.1100e-01, -5.5135e-01,
         -4.4935e-01,  2.4983e-01,  2.3233e-01, -4.3776e-01,  1.4835e-02,
         -5.7929e-02, -1.0622e+00, -9.4648e-02,  3.4076e-01,  6.8448e-02,
         -3.6759e-01, -7.9898e-01, -5.5581e-02, -1.2207e-01,  6.0483e-01,
          4.4942e-01,  2.7056e-01, -1.9628e-01, -3.0891e-01, -4.8567e-01,
         -1.1972e-01,  9.7971e-03, -4.1825e-02, -1.1913e-02,  1.7724e-01,
          5.1682e-01, -8.7760e-03,  3.8206e-01,  3.3304e-01,  2.3597e-01,
          8.8066e-01, -2.5366e-01, -7.6274e-02,  2.4341e-01,  6.6352e-01,
          2.4134e-01,  1.4420e-01, -2.1450e-01,  1.7126e-01,  3.0660e-01,
         -3.3305e-01, -4.6550e-01, -3.1042e-01, -6.1973e-01, -3.6009e-01,
          1.6538e-01, -5.8180e-03, -1.4249e-01, -5.0898e-01, -2.5829e-01,
         -2.8275e-02, -7.8338e-01, -7.1168e-02, -3.8509e-02,  8.8038e-02,
         -4.9130e-02,  1.6792e-01,  3.4845e-01, -2.9959e-01, -5.4413e-02,
          2.3794e-01,  5.7295e-01,  2.9854e-01,  2.0586e-01, -4.1300e-01,
         -1.0831e-01,  2.4840e-02,  1.0667e-01,  2.2428e-01, -3.8110e-01,
          1.3684e-01,  3.8300e-01,  1.0412e-01,  3.4989e-01,  6.7209e-01,
         -2.1689e-01, -5.5776e-01, -6.8878e-01, -5.6576e-01,  8.1218e-02,
         -6.8235e-02,  1.2254e-01,  1.2855e-01, -1.1641e-01,  1.6993e-01,
          2.9003e-01,  5.1860e-01,  2.9141e-01,  3.8928e-01, -3.4597e-02,
         -3.3773e-01, -3.3089e-01, -2.6313e-01,  1.7981e-01, -6.8146e-01,
         -6.7708e-02,  3.2646e-01, -6.0854e-01, -5.6568e-01,  1.5491e-01,
         -3.8415e-01, -9.4873e-02, -2.2343e-01,  3.4037e-01,  4.3362e-02,
         -9.0747e-02, -3.2519e-01,  4.8474e-02,  4.8210e-02, -2.2705e-02,
          3.3550e-01, -1.9688e-01, -4.9521e-01, -4.1348e-01, -4.4304e-02,
          6.1755e-02, -7.0045e-02, -6.2354e-01, -5.2530e-02,  1.0150e-01,
         -1.2305e-01, -3.8382e-02,  3.9619e-01,  2.6836e-01, -7.6056e-01,
         -3.5567e-02,  7.7917e-02,  2.4446e-01,  2.6305e-01, -4.6380e-01,
          4.7488e-01, -7.0006e-01,  4.2183e-01, -2.3451e-03,  2.2993e-01,
         -1.7453e-01,  4.1981e-01, -5.2526e-01,  2.6649e-01,  3.3661e-02,
         -1.0688e-01,  4.6412e-01, -6.0762e-01,  7.0859e-01, -3.4613e-01,
          6.8513e-02,  2.0909e-01, -1.4178e-01,  9.4419e-02,  9.0893e-02,
         -7.2566e-01, -5.2336e-01,  1.9302e-02,  4.5003e-01, -1.2591e-01,
          8.8479e-02, -2.6146e-01,  4.2942e-01,  1.9904e-01, -3.7718e-02,
         -2.1061e-01,  5.8354e-01, -3.3071e-02,  1.8614e-01, -8.7958e-02,
         -3.9605e-01,  1.5157e-01,  2.0275e-01, -1.6377e-02,  2.2087e-01,
          6.4972e-02,  1.3065e-01, -1.2325e-01, -4.8945e-01,  2.2888e-01,
          4.9622e-02, -9.8175e-02, -7.5203e-01,  1.5729e-02,  1.2220e-01,
         -1.6546e-01, -1.8083e-01,  3.5378e-01, -2.5595e-01,  3.3275e-01,
          1.7666e-01, -1.2093e-01,  1.5535e-01,  1.0906e-01, -1.8165e-01,
         -4.1607e-02, -4.1664e-01, -7.7174e-01, -4.8476e-01,  1.0211e+00,
          5.0735e-01, -1.0156e-01,  3.3076e-02, -1.9712e-01, -4.6580e-02,
         -1.8717e-02, -1.7289e-01, -1.3099e-01, -4.3966e-01, -5.6001e-02,
          2.4220e-01,  2.8636e-02, -4.4128e-01,  8.9176e-03,  6.5751e-02,
          9.9804e-03,  1.3195e-01,  1.5375e-01, -1.9339e-01, -7.2951e-01,
          4.9385e-01,  1.2249e-01, -4.8612e-02, -3.1954e-01,  4.4988e-01,
          4.5888e-01, -2.5903e-01, -2.8005e-02, -1.7802e-01, -2.2632e-02,
         -1.1644e-01, -3.5495e-01,  3.7456e-01, -1.2843e-01, -3.2143e-01,
         -2.1310e-01,  1.8967e-01,  4.3487e-01, -6.3550e-02, -3.8865e-01,
          1.3635e-01, -4.7664e-01,  2.3835e-01,  9.2522e-02,  8.7304e-02,
         -1.6842e-01,  1.4598e-01,  5.4045e-01,  7.5201e-03,  5.7115e-01,
         -5.4698e-01,  4.2819e-01,  8.2264e-02,  1.3191e-01,  1.8482e-01,
          4.0053e-01,  2.5703e-01,  4.2333e-01,  7.5232e-02, -1.9906e-01,
         -2.5966e-01,  5.1182e-01,  1.9625e-01,  3.4836e-03, -7.3611e-02,
          3.0677e-01,  2.7758e-01,  4.1003e-01, -2.6010e-03,  7.2935e-01,
          6.1799e-02, -1.4873e-02, -1.0149e-01, -3.7337e-02, -2.4831e-02,
         -1.1295e-01, -3.5824e-01, -5.6203e-01,  1.8425e-01,  1.8425e-01,
         -1.5683e-01,  1.1922e-01, -6.3324e-02,  3.1015e-01,  4.1672e-01,
          3.5025e-01,  8.0102e-02,  1.1892e-01,  5.8303e-01,  1.6953e-01,
          1.8530e-01, -1.7517e-01, -2.6866e-01,  2.4918e-01,  1.1808e-01,
         -1.8757e-02,  6.0763e-01,  1.1757e-01, -2.9289e-01,  3.3867e-01,
         -2.2258e-01,  5.8463e-01,  2.6631e-01, -5.9194e-01,  2.1830e-01,
          1.0304e-01, -5.2202e-01,  4.2934e-01,  5.3412e-02, -1.3868e-01,
          6.3152e-02, -1.7699e-02, -2.6213e-01,  9.4224e-02,  7.7907e-01,
         -3.2887e-01, -1.0162e-01,  3.1949e-01, -1.0597e-01,  1.2216e-01,
         -2.1581e-02,  1.8079e-01,  2.7805e-01,  1.8328e-01,  1.0262e-01,
          8.6977e-03,  7.9228e-02,  1.6819e-01,  7.2907e-01, -3.1732e-01,
         -5.6168e-02, -4.9876e-01,  8.3922e-01,  3.6535e-01,  4.9563e-01,
         -1.8308e-01, -4.0406e-01, -6.3152e-01,  2.5233e-01, -2.1802e-01,
         -1.0783e-01, -1.8393e-01,  3.0450e-01,  2.0830e-01,  1.3559e-01,
         -2.7368e-01,  9.8041e-02, -3.2168e-01, -4.5252e-01,  4.6705e-01,
          1.6515e-02, -2.3314e-01,  1.5399e-01, -1.3909e-01, -4.7657e-03,
          1.4616e-01,  2.1472e-01, -1.3545e-01, -1.8293e-01, -3.5920e-01,
         -4.3208e-01, -3.4282e-01, -2.0393e-01,  9.7135e-02,  4.5321e-01,
         -3.6798e-01,  5.1602e-02, -3.9636e-01, -3.7612e-01, -1.7976e-01,
          2.6560e-01, -7.5196e-01, -1.1465e-01, -1.4242e-01, -6.4340e-01,
         -1.9487e-01, -3.8270e-01, -2.1238e-01, -1.3225e-01, -2.1052e-01,
         -2.6315e-01,  3.3394e-01,  3.3577e-01,  3.6772e-01,  2.4009e-01,
          4.0143e-01, -3.8963e-01,  2.1334e-01, -1.7422e-01,  3.7417e-02,
          5.2851e-01, -6.4730e-01, -3.4939e-01,  9.2272e-01,  2.1015e-01,
          2.4127e-01, -2.2019e-01,  4.7687e-02, -4.1369e-01,  2.8788e-01,
          3.6682e-01, -2.2395e-01,  1.5061e-01, -4.0411e-01, -3.4879e-01,
          4.6221e-01, -2.2526e-01, -1.7532e-01,  1.8853e-01,  8.5803e-02,
          3.9158e-01, -4.3455e-02,  2.9422e-02, -3.2831e-01, -2.3005e-02,
         -2.7450e-01,  3.4064e-01, -2.1044e-01, -2.7489e-01, -8.8268e-02,
          3.5812e-01,  3.3925e-01,  1.5327e-01, -2.3265e-01, -2.1863e-01,
          2.3374e-01,  2.9732e-01, -4.2558e-01,  2.0822e-01,  6.9232e-02,
          3.3233e-01, -9.1390e-01, -3.1753e-01,  3.2545e-01, -7.7037e-01,
         -5.8542e-01,  5.3011e-02,  2.0079e-01, -1.9997e-01, -2.8928e-01,
         -2.6431e-01,  2.0771e-01,  1.8618e-01]])"
2,Functional Concept,"tensor([[-3.9760e-02,  6.2331e-01,  1.9579e-02, -1.7711e-01, -3.5888e-01,
         -6.0020e-01,  7.2191e-01,  1.4816e+00, -8.7386e-01, -2.8498e-01,
         -3.8045e-01,  1.9061e-01,  8.8698e-02, -2.2602e-02, -4.7469e-01,
          9.0439e-01,  9.0799e-01, -1.4335e-02,  1.3315e+00, -6.2070e-01,
         -5.3780e-01, -7.3121e-02,  3.8765e-01,  1.0623e+00,  4.1299e-01,
         -6.3874e-01,  6.1759e-01,  1.1517e+00,  2.4400e-02, -1.0299e+00,
          4.8554e-01, -5.4780e-01, -4.3611e-02, -6.0068e-01, -2.4395e-01,
         -7.7539e-01, -3.1637e-01, -8.6342e-01, -4.3556e-01,  6.4252e-02,
          3.8064e-01, -9.0243e-01,  4.3230e-01, -8.8088e-01, -1.6008e-01,
         -7.6339e-01,  1.5829e-01,  2.3771e-01,  4.4270e-01,  5.6461e-02,
          4.7498e-01,  5.5567e-01, -3.5309e-02, -4.4295e-01,  6.5095e-01,
          7.7147e-01, -8.5268e-01, -1.1843e+00, -4.2352e-01, -4.1819e-01,
          1.2808e+00, -8.8255e-01, -2.0062e-01, -7.0700e-01,  6.8001e-01,
          5.9893e-02, -1.6981e-01,  1.6641e-01, -1.0420e+00, -9.2298e-01,
         -4.1290e-01,  2.9546e-02, -2.2317e-01, -8.0575e-01,  4.1553e-01,
          6.6695e-01, -2.0251e-01, -5.2667e-01, -7.6925e-02,  1.5644e-01,
          2.3747e-01,  8.3636e-01, -7.7101e-01,  1.0391e+00,  2.5391e-01,
         -4.8608e-01,  2.5147e-01,  1.7063e-01,  2.3857e-01,  6.3937e-01,
         -2.8477e-01,  3.1363e-01,  2.5121e-01,  1.3922e-01,  1.6585e+00,
          9.0049e-01,  2.0666e-01, -7.0108e-02, -1.7909e-01, -7.3892e-02,
          9.6686e-02, -1.4582e-02, -6.1788e-01, -3.8322e-02, -3.3265e-01,
         -3.2555e-01,  1.1068e+00, -4.9944e-01,  4.8108e-01, -2.4062e-01,
         -8.5261e-01,  2.3979e-01, -4.6400e-01, -1.1338e-02, -8.5772e-03,
          5.2801e-01,  1.5288e-01, -4.0609e-01, -2.6722e-01,  9.5124e-01,
          5.6990e-01,  2.0825e-01,  8.4223e-01,  1.1993e+00,  1.2245e-01,
          1.5671e-01, -1.2288e+00,  4.3477e-01, -6.1240e-01, -1.1961e+00,
          3.7000e-01,  9.0675e-01,  4.4374e-01, -3.5117e-01,  6.4996e-01,
         -2.9275e-02, -4.3787e-02, -9.0691e-01, -7.5254e-02,  3.3150e-01,
         -9.7358e-01, -1.2863e+00, -2.9670e-01, -3.4839e-01, -6.6217e-01,
         -1.1316e-01,  2.7366e-01,  5.2996e-03, -9.6116e-01,  3.7984e-01,
          4.3267e-01,  5.0039e-01, -1.1566e+00, -5.6897e-01,  2.7601e-01,
          2.9905e-01, -3.6290e-01, -1.5880e-01, -5.1661e-01, -3.7653e-01,
          6.1717e-02, -1.2949e+00, -3.1106e-01,  1.4307e-01,  2.1490e-01,
         -4.2334e-01, -8.8277e-01,  9.1314e-01, -3.5615e-01, -4.8105e-01,
          6.4729e-01, -4.3274e-01,  8.4467e-01,  8.0707e-01, -3.8955e-01,
         -5.7902e-01,  3.7939e-01,  5.3635e-01, -6.8232e-02,  1.6588e-01,
          2.8921e-02,  5.2839e-01, -2.5316e-02,  1.5207e-02,  8.3544e-01,
          7.8312e-02,  4.3759e-01, -3.0049e-01,  5.4528e-01,  8.2240e-01,
         -3.5745e-01, -4.5229e-01, -1.0042e+00, -2.5887e-01,  5.6687e-01,
         -5.3315e-01,  4.1463e-01, -4.6184e-01, -8.7912e-01,  2.8191e-01,
          5.1468e-01,  7.9360e-01,  2.1491e-01,  5.3733e-01, -8.6824e-01,
         -6.5142e-01,  8.7436e-01,  3.7102e-01,  6.3341e-02, -8.0324e-02,
         -2.9839e-01,  9.1021e-01, -2.6881e-01, -1.5092e-01, -3.4849e-01,
          5.7479e-01,  1.5216e-01, -3.3912e-01, -1.1431e+00, -9.8411e-01,
         -1.3730e-01,  2.4651e-01, -2.5695e-01, -2.3063e-01, -2.1038e-01,
         -2.6365e-01, -5.1240e-02,  1.3906e-01, -4.9278e-01,  3.4048e-01,
          2.4531e-01, -6.0391e-01,  3.4245e-01, -1.1768e+00, -9.5578e-01,
          8.7782e-01,  1.4182e-01,  2.5915e-01, -4.8963e-01,  2.0526e-01,
         -9.7638e-02,  9.2810e-02, -8.2279e-01, -1.0351e-01,  5.3510e-01,
          1.3026e-01, -3.8520e-01,  3.2293e-01, -3.7287e-01,  4.1668e-01,
         -1.2021e+00, -7.0877e-02,  4.8844e-01, -3.5136e-01, -3.6773e-01,
         -1.4815e-01, -7.4507e-01,  7.7567e-02,  5.4260e-03,  2.6957e-01,
          7.6379e-01,  2.2972e-01, -1.1148e-01,  3.1142e-01, -1.1632e+00,
         -2.9774e-01, -8.5272e-01,  5.6753e-01, -2.4205e-02,  1.0163e+00,
          8.7649e-01,  3.3671e-01,  3.6455e-01,  7.0154e-01, -5.1699e-01,
          3.6670e-02,  5.6545e-01,  3.4073e-02, -1.9053e-01,  2.4576e-02,
         -9.7432e-01,  6.7823e-01,  3.6554e-01,  1.5261e-01,  3.6238e-01,
         -5.1461e-01, -1.5015e-01,  4.9502e-01, -3.7714e-01, -4.8884e-01,
          7.0046e-01, -1.1121e+00,  1.5339e-01, -4.4942e-01,  4.5219e-01,
         -8.6040e-01, -9.8809e-02,  9.2416e-01, -3.2367e-01,  1.1068e+00,
         -3.7891e-01,  5.6227e-01,  4.2808e-01,  1.5337e-01,  1.6500e-01,
          8.8162e-01, -7.0974e-01, -1.1874e-01, -2.9871e+00, -7.0175e-01,
         -5.6095e-01, -2.9481e-01,  1.1862e+00,  6.5018e-02, -4.0763e-01,
         -6.5371e-01, -5.9313e-01,  7.6624e-01, -3.4558e-01, -2.8004e-01,
          1.3878e-01,  3.1679e-01,  3.3364e-01, -1.4958e+00, -1.6610e+00,
         -2.1998e-01, -5.6122e-01,  8.2914e-01, -2.2082e-01, -7.6255e-01,
         -7.2033e-01, -2.2876e-01,  3.0586e-01,  3.2375e-01,  1.8260e-01,
         -4.9383e-01,  5.4160e-02,  1.4858e-02, -5.8439e-01,  6.0042e-01,
          2.5632e-01,  4.2137e-01,  3.5925e-01,  5.3912e-01, -1.3858e-01,
         -4.6551e-01,  8.0338e-01,  4.2072e-02, -2.9295e-01, -1.3956e+00,
         -3.3417e-01,  9.3767e-02,  1.0741e-01,  4.4613e-01,  8.6200e-01,
          4.3401e-01, -6.8379e-01,  6.4350e-02,  4.0082e-01,  2.2804e-01,
         -2.0105e-01, -1.2140e+00,  1.8157e-01, -5.0567e-01,  3.2225e-01,
         -3.2836e-01, -3.0347e-01, -1.4294e+00, -1.9304e-01, -4.0951e-01,
         -2.4846e-01,  8.0469e-01, -5.7843e-01, -7.4975e-01, -3.5641e-01,
          2.0549e-01,  9.7547e-01,  3.4599e-01, -2.1820e-01, -2.0078e-01,
         -2.9504e-02, -5.3803e-01, -7.0808e-01, -9.7996e-01, -5.0858e-01,
          3.6039e-01, -1.0328e+00, -2.6201e-01, -1.0123e-01, -2.0497e-01,
         -1.4979e+00,  8.1038e-01,  6.2135e-01, -2.2891e-01,  2.8695e-01,
         -1.1904e-01, -3.9439e-01, -2.0092e-02,  1.0723e-02, -9.5611e-01,
         -1.9399e-01,  2.3212e-01,  1.9632e-01,  7.8351e-01,  8.2114e-01,
          8.0467e-01,  1.7946e-01, -9.7281e-01,  2.8801e-01, -3.7274e-01,
          2.2939e-01,  7.8586e-01,  3.3874e-01,  5.3245e-02,  6.4969e-03,
          4.7053e-01,  4.8409e-01, -2.4976e-02,  3.3802e-01, -4.8229e-01,
         -3.5816e-01, -1.2669e-01, -1.1724e-01, -2.0592e-01, -1.0172e+00,
          3.9151e-01,  1.9703e-01,  3.1636e-01,  2.5916e-01, -1.3997e-02,
         -1.0251e+00,  1.0462e+00, -1.4314e-02,  2.5764e-01, -2.2348e-01,
          5.9173e-01,  1.4386e-01, -1.5870e-01,  7.1019e-01,  4.3829e-01,
          6.1240e-01, -4.7304e-02, -1.2365e-01, -2.7316e-02, -4.2468e-01,
         -1.0456e-01, -6.0908e-01, -6.7768e-01,  7.4196e-01,  8.1588e-02,
          2.2771e-01,  6.6423e-02, -3.8976e-01,  7.8559e-01, -9.8715e-01,
         -2.3445e-01, -9.6042e-01, -2.9504e-02,  1.0879e-01, -3.1536e-01,
         -1.6701e-01, -8.4929e-01,  8.0815e-01,  5.7508e-01, -2.9701e-01,
         -6.7620e-02,  2.9812e-01, -9.0675e-01,  4.7233e-01, -8.6134e-01,
          6.7096e-01,  3.8696e-01, -1.9500e-02,  1.1710e+00, -4.6280e-01,
         -4.7739e-02, -8.3838e-01,  3.9757e-01,  3.9343e-01,  3.0354e-02,
         -2.5872e-01, -5.6604e-01,  2.1834e-01,  2.2162e-01,  1.2136e-01,
         -6.1795e-01,  6.3207e-01, -1.8197e-01, -4.5960e-01, -3.3501e-01,
          1.1949e+00,  3.0628e-01, -8.5486e-02,  5.9485e-02,  4.9170e-01,
          2.5006e-01, -1.5472e-01,  4.5329e-01, -1.7857e-01,  3.9084e-01,
         -8.4106e-01,  3.5586e-01,  2.3106e-02, -6.4487e-01, -4.0909e-01,
         -1.0301e+00,  5.7872e-01, -2.4959e-01,  1.9492e-02, -1.2498e-01,
         -1.6259e-01, -3.0004e-01,  5.8067e-01,  5.7846e-01,  3.9862e-01,
          4.6840e-01, -2.7046e-01, -7.9369e-02, -1.8293e-01,  3.7323e-01,
          2.0536e-02,  2.3036e-01, -7.7601e-02,  4.2561e-02, -1.4050e-01,
          1.1751e+00,  6.5947e-01, -3.1104e-01, -1.2054e+00, -2.4314e-01,
          5.6804e-01,  1.0877e-01, -1.1987e+00, -1.1754e+00, -8.5783e-02,
          9.9943e-01, -6.4593e-01, -1.4672e-01,  2.9079e-01, -2.0260e-01,
          6.6510e-01,  8.6340e-01, -6.1606e-02, -3.6508e-01,  4.4895e-02,
         -5.7843e-02,  1.2010e+00, -3.7144e-01,  7.9422e-01, -2.8015e-01,
         -5.2634e-01, -3.5212e-01, -1.6316e-01, -3.2340e-01,  7.0260e-02,
         -9.1822e-03, -8.8033e-02,  8.4212e-01,  2.2606e-01, -1.2871e+00,
          5.2377e-02,  2.0112e-01, -4.1800e-01, -3.1885e-01, -1.4995e+00,
         -1.1283e-01, -8.3376e-01,  8.9892e-02,  5.2241e-01,  6.4440e-01,
         -4.9005e-01,  7.8701e-01,  3.8476e-01, -4.2568e-01,  6.0521e-01,
          1.2477e-01,  8.6903e-01, -6.2303e-01, -7.4937e-01, -1.1263e+00,
          5.5683e-01,  8.7290e-01,  9.9187e-01,  8.1387e-01, -8.7097e-01,
         -8.4311e-02, -2.6663e-01,  9.7748e-01,  3.7654e-02,  1.2195e-02,
         -2.0625e-01,  1.4574e-01,  7.6432e-01, -1.0744e+00,  2.3736e-01,
          9.6869e-01,  2.8014e-01,  2.5118e-01, -3.4453e-01,  2.8381e-01,
         -2.1553e-01, -6.9070e-01, -9.6918e-01, -5.2043e-01,  9.9114e-01,
          1.9916e-03, -4.6710e-01,  1.1234e-02,  1.2556e-02, -8.3588e-01,
         -5.7348e-01,  2.0017e-01, -2.5410e-01,  4.5860e-01, -2.6393e-01,
         -4.6300e-01,  5.2842e-01,  1.6786e+00, -5.7408e-02, -1.9518e-01,
         -1.1623e-02,  1.5156e-01, -5.1486e-01,  1.5539e-01,  3.2436e-01,
          2.9009e-01, -1.5099e-01,  5.0460e-02,  8.8700e-01,  3.8822e-01,
          4.1733e-02, -7.7248e-01, -3.0980e-01,  3.1586e-02,  3.3353e-01,
         -3.3020e-01,  6.0919e-01,  4.4718e-01, -3.2749e-01,  1.1142e-01,
          3.6016e-01,  6.3171e-01,  4.4350e-01, -8.1350e-01,  1.7310e-01,
          3.8482e-01,  3.4627e-01,  5.2077e-01, -1.9945e-01,  6.6183e-01,
         -8.5915e-02,  1.8896e-01,  1.4962e+00,  3.1016e-01, -4.2046e-01,
         -8.6185e-02, -9.2407e-02,  4.2804e-02,  9.3637e-01, -1.1538e-01,
         -4.4581e-01, -2.9195e-01, -3.1035e-02, -2.8860e-01, -1.4361e-01,
         -1.7853e+00,  2.4596e-01,  8.2702e-01,  4.9916e-01,  3.2728e-01,
          1.7481e-01, -2.8985e-01, -7.8086e-01, -6.3428e-01,  7.9368e-01,
          1.1713e+00, -4.4317e-01, -3.2319e-02, -8.3360e-01,  3.5424e-01,
         -8.5580e-01,  3.5622e-01,  4.7500e-01,  5.3655e-01,  3.0755e-01,
         -2.0477e-01, -5.7786e-01,  2.1759e-01,  1.6608e+00,  6.2302e-01,
         -1.4123e+00, -1.9535e-02, -6.8779e-02, -1.0103e-01,  2.1271e-01,
          7.6367e-01, -4.5284e-01, -9.5849e-01, -1.6759e-01,  1.9879e-01,
         -3.0334e-01, -3.3132e-01, -5.4718e-01, -2.7582e-01,  3.7631e-01,
          6.0465e-01,  9.3130e-02, -8.4917e-01,  4.4361e-01,  6.2780e-01,
         -2.9176e-01,  2.2442e-01, -8.9339e-01, -6.3067e-03,  3.7902e-01,
          3.9342e-01,  3.3824e-01,  3.2183e-01,  1.0513e+00,  1.5374e+00,
         -1.2475e+00,  7.0845e-02, -5.5534e-01,  2.8579e-01,  1.0841e+00,
         -6.6118e-02,  5.4711e-01,  2.0691e-01, -1.6240e-01,  6.4402e-01,
          1.1478e-01,  3.5142e-01, -5.6663e-01,  9.3457e-01, -1.6511e-01,
          2.2552e-01,  4.2823e-01, -1.1450e-01, -1.5172e+00,  3.3862e-01,
         -4.1773e-01, -7.2089e-01, -7.7026e-01, -1.3579e-01, -5.6896e-01,
          3.6868e-01,  5.7595e-01,  1.9152e-01,  4.0928e-01,  5.3858e-01,
          7.6745e-02, -1.0571e+00,  9.0437e-02, -7.0843e-02,  1.5437e-01,
         -1.1879e-02, -4.1342e-01, -7.2100e-01,  4.1544e-01, -2.3484e-01,
          1.5988e-01,  2.2160e-01,  1.1503e-01, -6.4938e-01, -5.8823e-01,
          4.3566e-02,  5.4123e-01, -3.3714e-01]])"
3,Pathologic Function,"tensor([[ 3.8514e-01,  4.2232e-01,  2.6229e-01,  5.2814e-01, -1.2177e-01,
          6.0600e-02, -3.1514e-03,  1.2791e-01,  3.6783e-02, -6.0419e-01,
         -3.3024e-01,  2.7463e-01,  1.1180e-01,  3.7875e-01, -1.6927e-01,
          1.1340e+00, -2.6802e-01, -1.0610e-01, -1.6113e-01, -2.5445e-01,
          1.1876e-01,  2.2094e-02,  2.0275e-02, -2.7484e-01, -1.0442e-02,
         -2.4015e-01, -1.0838e-01,  3.4789e-01, -1.7123e-01,  1.3775e-01,
         -3.5480e-01, -6.0172e-01, -1.9050e-01, -1.4282e-01, -1.0540e-01,
         -2.1614e-01, -1.2918e-01,  1.9504e-01,  2.4473e-01, -1.7727e-01,
          3.5837e-01, -2.2637e-01,  1.1207e-01, -2.9411e-01,  5.7100e-01,
         -5.0854e-02, -7.9576e-01, -4.3815e-01,  1.6322e-02, -3.0456e-02,
          4.7985e-01, -2.1293e-01, -1.6660e-01,  9.0680e-02, -3.7588e-01,
          5.6456e-01,  4.0038e-01,  1.2896e-01,  4.8701e-02,  2.6430e-01,
         -1.2036e-01, -8.6345e-02, -1.6930e-01, -5.3290e-01, -8.5404e-02,
          4.0689e-01, -2.7331e-01, -3.5464e-01, -2.6312e-02,  4.6871e-01,
         -6.6417e-02,  1.3028e-01, -3.3708e-01,  1.3952e-01,  1.8438e-01,
         -4.8606e-01,  1.6660e-01,  6.3935e-01,  2.1246e-01,  5.9026e-01,
          2.6343e-01,  1.2392e-01, -1.5435e-01,  3.3412e-01, -3.5864e-04,
          3.0822e-01,  6.8908e-02, -1.2375e-01,  8.3318e-01,  3.6754e-01,
          2.9905e-01, -1.0792e+00, -3.5080e-01, -8.4557e-02, -3.2512e-01,
          2.1201e-01, -4.3346e-01,  2.3833e-01,  2.4782e-03, -3.7438e-02,
         -4.2482e-02,  2.8673e-01,  4.2633e-01, -3.2719e-01, -5.2752e-01,
          3.0586e-02,  1.5713e-01, -5.5866e-02,  4.0834e-01, -8.3666e-01,
          2.3296e-01, -5.1198e-01, -6.9280e-02,  1.8096e-01,  7.0241e-02,
         -4.1239e-01,  2.6153e-01, -4.0576e-01,  8.5205e-01, -7.3783e-02,
         -9.3962e-02,  2.4717e-01,  4.4597e-01,  1.0641e+00,  4.6605e-01,
         -9.4753e-03, -3.3222e-01, -2.7390e-01,  4.8605e-01, -2.7558e-01,
         -9.5348e-02,  2.7869e-01,  1.8080e-01, -2.5652e-01,  5.6160e-01,
         -2.9184e-01,  3.3219e-01,  2.0922e-02, -4.7739e-02, -2.1100e-01,
         -1.3094e-01,  2.8580e-01, -6.2125e-01,  6.8240e-01,  2.5794e-01,
         -4.2876e-02,  6.0048e-03, -6.7732e-01,  1.0660e-01,  3.4634e-01,
          7.6969e-02, -8.3927e-02,  7.2530e-02, -2.6267e-01,  7.6198e-01,
         -5.4287e-02, -2.3611e-02,  1.2225e-02,  8.1790e-02, -1.1656e-01,
         -2.8511e-01,  3.4596e-01, -2.7838e-01, -6.2752e-01,  2.8338e-01,
         -4.7638e-01, -3.1973e-01, -1.0848e-01,  4.3007e-01,  8.0576e-01,
          5.4985e-02, -5.6442e-01, -1.8138e-01,  1.3838e-01,  7.8486e-02,
          2.8889e-01,  6.5719e-01,  9.3157e-02, -3.0937e-02, -4.0296e-01,
          1.0226e-01,  7.0647e-01, -3.6972e-01, -2.0878e-01,  4.5608e-02,
          1.1010e-01,  7.8873e-01,  2.6539e-01,  8.6725e-01,  3.6061e-01,
         -7.2313e-01, -2.7224e-01,  4.0094e-01,  3.9594e-01, -1.9027e-02,
         -4.8742e-02, -3.1458e-01, -6.6995e-01,  4.1862e-01,  2.9017e-01,
          2.9064e-01, -9.2295e-02,  2.3983e-02, -3.3270e-01, -3.0845e-01,
          7.2493e-01,  9.8335e-02, -2.1356e-01,  2.3112e-01, -3.1720e-01,
          5.4208e-02,  4.9271e-01, -5.2407e-01, -4.8714e-01,  2.0010e-01,
         -4.8940e-01,  5.2795e-01, -5.0565e-01,  3.8374e-01, -2.3366e-01,
         -3.2529e-01, -1.3937e-01,  1.0236e+00, -2.9423e-01,  8.0837e-01,
          9.4389e-02,  5.5900e-02, -1.6840e-01, -5.7243e-03, -3.6305e-03,
         -4.2390e-01, -7.1134e-01, -1.8568e-01,  3.8227e-01,  8.4913e-02,
         -5.7302e-01,  1.9725e-01, -1.7177e-01,  3.8249e-01, -1.7513e-01,
         -2.8060e-01, -1.7587e-01,  1.8506e-01,  1.7948e-01, -4.5649e-01,
          1.6090e-01, -7.2273e-01, -3.6061e-01,  7.8029e-02, -8.8037e-02,
         -2.8875e-01, -6.0178e-01, -3.8551e-01, -3.8631e-02, -8.7512e-02,
         -1.5649e-01, -2.2177e-02, -1.6153e-01,  2.6698e-01,  2.7695e-01,
          6.9449e-02,  2.9769e-01,  7.2260e-01,  1.2495e-01,  1.3135e-01,
          1.2344e-01, -1.3592e+00, -1.4808e-01,  3.8728e-01,  6.0612e-01,
          7.9120e-01,  3.3091e-01, -2.0593e-01, -1.2204e+00,  6.5214e-01,
          4.7890e-01,  5.1714e-01, -5.4951e-01, -1.9540e-03,  2.6932e-01,
          1.6165e-01,  2.5750e-02,  7.5935e-01, -2.0671e-02, -1.3623e-01,
          2.3171e-01, -2.5000e-02, -3.5045e-01, -2.7610e-01,  4.3348e-02,
          3.0168e-01,  1.6998e-02, -1.3005e-01,  1.4636e-01, -2.4351e-01,
         -4.5323e-01, -3.6173e-01, -1.6367e-01,  1.4043e-01,  3.4178e-01,
         -6.5970e-01,  7.0655e-01, -1.4312e-01,  1.6496e-01,  1.1869e-01,
         -1.8742e-01,  1.1843e-01,  4.7333e-02, -5.7926e+00, -5.8759e-01,
         -3.0163e-01, -4.5762e-01,  9.4064e-01, -3.1480e-01,  4.5630e-02,
         -4.9503e-01, -2.1337e-01, -2.5776e-01,  1.0129e-01,  9.5279e-01,
         -1.1962e-01,  2.0188e-01,  2.9495e-01, -2.9065e-01, -6.1190e-01,
          1.6244e-01, -1.3875e-02,  3.7874e-02,  5.3517e-01, -9.6375e-01,
         -7.9031e-01, -2.1488e-01,  2.2405e-01, -5.3914e-01, -5.7980e-01,
          1.5218e-01, -2.9066e-01,  5.8770e-02, -4.0815e-01,  2.9225e-01,
         -1.9340e-01,  5.3808e-02, -3.3732e-01, -3.0392e-01,  2.9985e-01,
         -7.2053e-02,  1.6167e-01, -2.2242e-01, -2.9548e-01, -3.8803e-01,
         -1.8285e-01, -3.2783e-01,  1.6117e-01,  6.2955e-02,  7.9416e-02,
          6.2241e-01, -1.2830e-01,  1.7251e-01, -2.1225e-01,  8.0823e-02,
          3.9182e-02, -7.3701e-01,  2.2134e-01,  4.5980e-01, -4.6845e-01,
          8.1565e-01, -3.5793e-01, -3.9906e-01,  5.8932e-02,  2.4183e-01,
         -4.0923e-02,  7.7234e-01, -9.5669e-02,  6.8431e-02,  5.0106e-02,
          3.4170e-01,  2.4767e-01,  3.0976e-01, -1.1866e+00,  7.0227e-02,
          1.6489e-02, -6.5080e-01,  2.6020e-02,  2.1192e-01, -1.8923e-01,
          3.7946e-02,  4.9909e-01, -3.0867e-01, -5.1338e-01, -2.1747e-01,
          4.9547e-01,  5.7591e-01, -2.1384e-01,  3.3966e-01, -9.9765e-01,
         -5.1162e-01,  1.5483e-02,  4.8066e-02,  6.4358e-02, -2.8694e-01,
          4.8855e-04, -5.1694e-01,  3.5117e-01,  2.7214e-01,  3.9298e-01,
          4.8588e-01, -8.1126e-01, -2.5387e-01, -4.4619e-01, -3.0232e-01,
         -4.6932e-01, -1.7077e-01,  5.2649e-01, -2.0673e-01, -2.5162e-01,
          3.9993e-01,  5.7269e-01, -2.0538e-01,  1.0786e-01,  7.2706e-02,
          2.3671e-02, -2.6512e-01,  2.3725e-01, -8.3594e-01,  9.4064e-02,
         -7.0647e-02,  4.2190e-01, -6.5180e-01, -6.6785e-01, -4.2870e-02,
         -1.2828e-01,  2.3602e-01, -5.7952e-01,  8.7001e-02,  2.5971e-01,
          3.1648e-01,  1.1103e-01, -2.7171e-01,  2.8389e-01, -1.9416e-01,
          3.5786e-01, -1.7873e-01, -6.0543e-01, -1.2756e-02, -1.4575e-01,
          5.1727e-01,  6.6241e-02, -3.1709e-01,  1.2137e-02,  3.0985e-01,
          4.4275e-01, -9.6810e-02,  4.6553e-01,  2.6801e-01, -6.7106e-01,
         -1.8337e-01, -3.3677e-01,  2.9816e-02,  1.1259e-01, -1.8746e-01,
          6.0653e-01, -3.5258e-01,  5.4759e-01,  1.3095e-01, -4.2292e-01,
         -9.4600e-02,  1.0466e-01, -2.2442e-01,  2.2232e-02, -5.4592e-01,
         -4.8969e-01,  1.4598e-02, -1.0232e-01, -2.2770e-02, -4.5658e-02,
         -2.9115e-01,  4.3195e-01, -8.1716e-03,  4.4869e-01, -9.7924e-02,
         -1.9368e-01, -4.8903e-01,  5.7412e-02,  1.0598e+00,  1.0779e-01,
         -2.8551e-01,  6.2326e-03,  8.0651e-01,  5.8163e-02,  6.8390e-01,
         -1.3682e-01,  2.0780e-01,  1.9595e-01, -7.7272e-01, -2.1484e-02,
         -7.4391e-01, -4.8072e-02,  8.6907e-02, -6.2575e-01, -3.7504e-01,
         -2.7720e-01, -2.9150e-01, -1.9657e-01,  3.4279e-01,  1.4074e-01,
          1.5119e-01, -3.6117e-01,  8.2225e-02, -2.6619e-01, -1.9226e-01,
         -1.8467e-01, -7.2141e-01, -3.1728e-01, -5.1440e-01,  4.5453e-01,
         -1.7384e-01,  9.5838e-02,  1.9417e-01,  1.0447e-01, -9.6734e-02,
          5.2514e-03,  2.7082e-01, -5.1449e-01, -5.5875e-01,  1.2488e-01,
          9.5140e-01, -7.8820e-02, -4.2502e-01,  2.5142e-01, -4.2554e-01,
         -7.3971e-03, -1.0440e-01, -1.7265e-01, -2.5233e-01, -1.3727e-01,
         -8.6435e-02,  1.9410e-01,  1.6007e-01, -1.4978e-01, -4.0934e-01,
         -3.4766e-01,  2.2687e-01,  1.0365e+00,  2.4896e-02, -3.5298e-01,
          1.2912e-01, -4.7434e-02, -3.4289e-01, -2.4490e-01,  1.3376e-01,
         -1.0851e-01, -6.4066e-01, -3.7639e-01,  2.8035e-02,  3.4886e-01,
         -1.4812e-01,  4.0617e-01,  4.3896e-01,  1.3237e-01, -5.9621e-01,
          4.4021e-01, -2.2364e-01, -1.0720e-01,  3.2338e-01, -6.4455e-01,
          7.5209e-01,  1.2844e-01,  1.0486e+00, -3.5447e-03, -1.9205e-01,
         -2.4554e-01, -2.6829e-01, -2.4367e-01,  5.2693e-01,  6.0334e-01,
         -1.8152e-01,  7.4593e-01, -3.1966e-01,  4.3556e-01,  4.8303e-01,
          3.5829e-01,  3.4890e-01,  1.3151e-01, -5.0542e-01, -2.5682e-01,
          6.4994e-01,  5.1409e-01,  2.0320e-01,  3.4471e-01,  3.0154e-02,
          5.0954e-02,  3.4583e-01,  1.7300e-01,  1.9409e-01,  8.8485e-01,
         -5.6766e-01, -4.1654e-01,  8.4398e-01, -3.4026e-01,  7.7326e-02,
          1.4180e-01, -4.1526e-01,  1.7981e-01,  7.4695e-01,  3.7217e-01,
          2.7071e-01,  2.3298e-01,  5.6167e-01,  7.2498e-01, -1.1995e-01,
          4.7330e-01,  6.8240e-03, -4.7034e-01,  3.9483e-01,  4.6192e-01,
          1.1736e-01, -1.7075e-01,  1.5159e-01,  2.6155e-02, -2.9391e-01,
         -1.9597e-01,  2.9508e-01, -1.9910e-01, -4.6957e-01,  4.9243e-02,
          4.4971e-02,  6.6152e-01,  1.4189e-01, -3.9359e-02, -4.5402e-01,
          1.3412e-01, -4.3994e-01,  3.2952e-01,  3.8878e-02,  2.5844e-02,
         -3.3781e-01,  5.7875e-01, -1.5767e-01, -4.3017e-01,  3.4713e-01,
         -1.1965e-01, -7.0260e-01,  1.8662e-01, -2.0573e-01,  7.9993e-01,
         -4.6232e-02,  1.1984e-01,  7.6983e-01,  2.4657e-01, -3.2716e-01,
          1.9156e-01,  2.4391e-01,  2.5382e-01, -2.0987e-01,  1.8394e-01,
         -2.8318e-01, -4.5923e-01,  6.8989e-01, -4.3585e-01,  8.3167e-01,
         -5.8552e-01, -5.0066e-01,  1.0036e-01, -1.6326e-01, -1.1727e-01,
         -2.6303e-01,  2.3899e-02, -4.0425e-01,  1.0128e-01,  3.4634e-01,
          5.3818e-01, -2.9192e-01, -2.8911e-01, -6.4942e-01,  1.5193e-02,
         -2.2798e-01,  2.0352e-01,  1.0664e-01,  2.1677e-01,  4.2720e-01,
         -3.8010e-01, -3.2275e-01, -3.0560e-01, -3.2066e-01,  2.2325e-01,
         -3.7584e-01,  2.7475e-01,  3.9534e-01,  4.2397e-01,  6.5786e-02,
         -3.7386e-01, -2.4661e-01,  1.5966e-01,  2.7763e-01,  2.3281e-01,
          1.0481e-01, -5.9439e-01,  5.3648e-01,  7.5594e-02, -5.4559e-01,
         -5.2938e-01, -3.9943e-04, -5.1140e-01, -3.0601e-01,  2.8815e-01,
          9.2860e-02,  3.4409e-01, -9.3320e-02,  3.7261e-01,  4.1264e-01,
          2.9596e-01,  1.8855e-01,  2.8270e-01, -6.3016e-01,  3.2554e-02,
         -5.6802e-01,  2.0713e-01, -3.1089e-02,  1.2409e-01,  2.7319e-02,
         -3.8084e-01,  2.9386e-01,  3.6103e-02, -3.6664e-01,  9.3895e-03,
          6.3597e-02,  7.7481e-02, -2.0180e-01, -4.3713e-01,  6.4536e-02,
         -2.4527e-01,  2.5029e-01, -1.7601e-01, -1.9052e-01,  6.4812e-02,
          4.3300e-01,  3.2644e-01,  3.0099e-01, -2.9356e-01,  3.8708e-02,
         -8.1378e-02, -7.4687e-01,  3.3858e-01,  2.9558e-01, -1.1211e-01,
          4.8021e-01,  5.1330e-01,  1.8839e-01, -2.5906e-01, -5.4467e-01,
         -3.0047e-01,  6.5001e-01, -1.5633e+00, -2.3881e-01, -1.0083e-01,
         -1.2256e-02, -1.2201e+00,  1.6752e-01,  1.6884e-01,  1.6625e-01,
          2.5098e-01, -4.3529e-01,  4.8896e-01, -4.4996e-01, -5.6187e-01,
          3.4811e-01,  1.1453e+00, -3.3931e-01]])"
4,Qualitative Concept,"tensor([[-6.5473e-02,  1.2434e-02,  2.5858e-01, -2.6752e-01,  5.0916e-01,
         -5.3654e-01,  5.1423e-01,  6.2977e-01,  4.6438e-01, -1.2162e+00,
         -2.5670e-01,  7.5291e-02, -2.5267e-01,  5.9715e-01,  2.1686e-01,
          2.2306e-01,  6.2280e-01, -1.2418e-01,  7.6480e-02, -1.3572e-01,
          6.1497e-02, -6.3528e-01, -1.5198e-01,  5.8284e-01,  1.8627e-02,
         -9.0864e-01, -5.5854e-02,  1.8777e-01,  1.1356e-01, -2.2022e-01,
          4.1755e-01, -2.8702e-01, -7.8179e-01, -2.0127e-01, -4.3395e-01,
         -2.6531e-01, -5.0933e-01, -7.0970e-02, -4.8200e-02,  1.2593e-01,
         -6.3682e-01, -3.2241e-01,  4.1785e-01,  1.0023e-01,  3.0582e-01,
         -3.1662e-01, -4.4084e-02,  1.2660e-02, -9.6214e-02, -2.5013e-01,
          8.4294e-02, -3.6186e-01,  9.1051e-01,  1.1752e-01,  1.7134e-02,
          9.6857e-01, -1.5262e+00,  1.2137e-01, -5.7061e-01, -1.0130e+00,
          1.4954e-01,  1.8959e-01,  2.3712e-01, -6.2042e-01,  6.9967e-01,
         -3.7274e-01, -5.4168e-01, -1.1181e-01, -9.2088e-01, -9.3390e-01,
          9.7278e-02, -6.3453e-01,  3.0182e-01,  2.2208e-01, -1.8562e-01,
          3.9777e-01, -5.2949e-01, -5.2502e-02,  3.4435e-01, -5.2651e-01,
         -6.0499e-01,  1.9457e-01, -7.4581e-01,  6.4469e-01, -2.5191e-01,
          4.6724e-01, -3.4714e-01,  4.6939e-01,  1.2433e-01,  2.0976e-01,
         -8.4230e-01,  2.2925e-01,  1.9526e-01,  5.2521e-02,  5.2873e-01,
          2.2262e-01,  2.4916e-01,  2.6246e-01, -1.0612e+00, -2.0847e-01,
          9.8428e-01,  1.7656e-01,  2.2439e-01, -6.1062e-01, -1.0646e+00,
         -9.5609e-03, -5.6498e-01,  3.8258e-01, -2.4585e-01,  3.2454e-02,
         -6.2213e-01,  5.2465e-02, -6.0052e-01,  3.6547e-01,  1.3837e-01,
          1.3433e-01, -2.7974e-01, -2.3545e-03,  1.2408e+00, -1.7861e-01,
          5.8862e-01,  5.9208e-01,  6.0394e-01,  1.2885e+00, -3.0525e-01,
          2.4557e-01, -2.7925e-01,  7.5447e-01, -1.8628e-01, -9.7943e-02,
          3.6131e-01,  1.0551e+00,  1.2123e+00, -4.0390e-01, -4.5199e-02,
          1.4351e+00,  2.3469e-01, -5.5469e-03, -2.4151e-01,  2.0407e-02,
         -2.9858e-01, -9.4739e-01,  5.1808e-01, -8.4456e-01,  2.6845e-02,
         -6.3638e-01, -4.1192e-03, -4.8525e-01, -1.9047e-01,  2.7049e-02,
          2.6307e-01, -5.0324e-01, -7.5569e-01, -8.1033e-01,  3.2905e-01,
          1.1622e+00, -3.5965e-01,  6.0162e-01,  4.3026e-02,  7.9398e-02,
          1.8517e-01, -6.4296e-01,  1.0021e-01,  3.3082e-01,  1.3662e-01,
         -3.2801e-01,  2.3257e-01,  3.2164e-01, -3.6994e-01,  4.6843e-01,
          4.5536e-01, -1.5318e-01,  1.8032e-01,  4.5000e-01,  2.6513e-01,
         -6.7817e-02, -1.3081e-01,  6.8021e-03,  9.5207e-02, -5.3360e-02,
         -6.7543e-01,  1.1948e-01, -7.2144e-01, -2.8338e-01,  8.5241e-01,
         -5.1408e-01,  8.6505e-01,  2.2127e-01, -3.8155e-01,  3.8633e-01,
         -6.9043e-01, -6.7854e-01, -2.4360e-01,  4.0219e-02,  9.0270e-01,
         -3.9854e-01,  4.0500e-01,  5.0403e-01, -2.5839e-01,  5.0476e-01,
          6.0436e-01,  3.6056e-01, -4.6035e-01,  5.1222e-02,  4.0522e-01,
          5.8687e-01,  6.5638e-01,  1.7783e-01,  1.3307e-01, -6.2643e-01,
          1.3541e-01, -9.1116e-02,  2.5646e-01,  4.4949e-01,  7.6961e-01,
         -3.5230e-01, -1.2537e-01, -7.9068e-01, -5.0720e-01,  6.2926e-04,
         -4.8137e-01, -2.5348e-01, -2.9959e-01,  1.2879e-02, -1.5070e-01,
          1.8536e-01,  1.1993e-01,  8.6828e-01,  1.4406e-01, -1.5920e-01,
         -1.4554e-01, -1.1719e+00,  5.4242e-01, -1.1879e-01, -4.1738e-01,
         -1.8505e-01,  1.9632e-01, -4.0558e-01,  1.8260e-02, -4.8004e-01,
          5.8974e-01,  1.7403e-01, -2.0539e-01,  3.5784e-01,  7.0835e-01,
          7.0178e-01, -5.4484e-02, -2.8596e-01, -2.8485e-01,  1.1719e-01,
         -9.0142e-01, -6.4018e-06,  8.4983e-01, -2.2003e-01, -8.2866e-01,
         -9.2277e-01, -1.6368e-01, -4.7005e-03, -2.9169e-01,  5.7105e-01,
          6.0787e-01, -1.2205e-01, -1.5819e-01, -2.5074e-01, -1.5240e-01,
         -6.7397e-01, -8.1621e-01, -3.9806e-01,  3.5603e-01,  6.1490e-01,
          1.7370e+00, -8.8563e-02, -3.8550e-01,  1.0969e+00, -1.2527e-01,
         -5.9022e-01,  5.6821e-01, -4.8359e-01, -7.3719e-01, -1.7719e-01,
         -3.6331e-01,  4.2426e-02, -2.3226e-02,  2.8899e-01, -2.6648e-01,
          2.5683e-01,  4.6191e-01,  4.8949e-01, -5.8814e-01, -1.1093e+00,
          2.7449e-01, -9.4185e-01, -1.9924e-01, -1.0135e+00,  6.9270e-02,
          2.3615e-01,  7.9192e-02,  2.5222e-01,  2.1930e-01,  1.0335e+00,
         -6.6025e-01,  3.7722e-01,  6.8364e-01,  7.9039e-03,  6.0624e-02,
          4.9549e-01,  4.4774e-02,  3.5578e-01, -4.1080e+00, -6.0070e-01,
         -8.6094e-01, -3.0373e-01, -3.9387e-01,  3.1799e-01, -5.2411e-02,
         -8.2719e-03, -2.8283e-01, -7.9652e-01,  9.9520e-02, -1.2359e-01,
          1.1137e+00,  4.1262e-01,  4.8912e-01, -5.6349e-01, -3.0821e-01,
         -6.5233e-01, -1.5729e-01,  3.5964e-01, -1.1051e+00, -7.8446e-01,
         -1.3286e-01,  5.1729e-01, -5.6734e-02, -2.1307e-01, -5.2367e-01,
         -3.1137e-01, -6.2926e-02,  3.8308e-02, -2.1841e-01,  4.7699e-01,
          2.8761e-02, -1.5033e-02,  5.9749e-01,  6.0773e-01,  4.5091e-02,
         -3.5392e-01,  1.6715e-01, -1.9165e-01, -8.2221e-01, -1.5593e+00,
         -2.5130e-01,  9.8404e-01, -3.3981e-01, -6.9646e-01,  3.9433e-01,
          1.0318e+00, -9.1834e-01,  7.5550e-01, -8.5809e-01,  2.7330e-01,
          5.1449e-01, -1.5325e+00,  9.0334e-02,  5.0184e-01,  7.0915e-01,
         -1.3995e-01,  2.6551e-01, -1.2764e+00, -1.4213e-01,  2.4198e-01,
         -2.0287e-02,  3.5928e-01,  9.4338e-01, -7.6378e-01, -2.8702e-01,
          3.3501e-01,  1.1844e-01,  5.0216e-01, -6.9455e-01,  1.0337e+00,
         -2.3399e-01, -5.5968e-01, -3.9812e-01, -3.1062e-01,  4.0596e-01,
         -4.3470e-01, -2.0620e-01,  1.4648e-01, -1.6687e-01, -3.1198e-01,
          2.6033e-01,  1.0981e+00,  2.3991e-01, -3.9017e-01,  2.8573e-01,
         -7.5347e-01,  1.6849e-01,  4.7375e-02,  2.6341e-01, -2.0671e-01,
          1.6291e-01, -3.9648e-01, -2.3195e-01,  9.6015e-02,  8.6277e-01,
          9.7493e-01,  5.4822e-01, -6.3800e-01,  1.1093e+00, -2.9607e-01,
          4.5503e-01,  7.6640e-01, -1.8047e-01, -7.7392e-01, -2.0935e-01,
          6.4202e-01,  2.1725e-01,  3.7696e-01, -2.3601e-01,  1.0723e-01,
          4.8997e-01, -7.0583e-01, -2.3378e-01,  3.1153e-01, -2.6212e-01,
          4.9686e-01, -2.5813e-01,  5.2788e-01, -5.9487e-01, -1.8407e-01,
          8.7558e-02, -3.2807e-01, -1.1272e-01,  2.5566e-01, -3.4949e-02,
         -2.8356e-01,  1.1739e-01, -5.0857e-01, -5.5849e-01,  2.9881e-01,
          8.1777e-01, -3.0092e-01,  1.5235e-01,  3.2655e-02,  5.2542e-02,
         -1.1541e+00, -1.2589e-01,  1.7670e-01,  3.4364e-01,  5.5577e-02,
         -1.0374e+00, -3.6897e-01, -1.8319e-01,  6.6966e-01, -8.7850e-01,
          6.9668e-01, -6.5708e-01,  9.2431e-01, -1.1965e-01, -2.3062e-01,
         -4.0484e-02, -1.0097e+00,  5.3264e-01,  3.4049e-01, -3.7511e-01,
         -5.6485e-01,  9.0758e-01, -3.8470e-01, -4.1803e-01, -2.1268e-01,
         -1.4364e-01,  3.0988e-02, -6.3993e-01,  1.2700e+00,  6.9165e-02,
         -3.9137e-01, -6.4025e-01,  5.8627e-01, -1.2973e-01, -3.1420e-01,
         -1.4356e-01, -2.0386e-01,  6.7833e-01,  2.6481e-01, -8.2525e-01,
         -3.2107e-01,  2.2023e-01, -8.9442e-01,  6.0804e-01, -4.7246e-01,
         -1.1216e-01, -1.2069e-01,  4.9630e-01,  6.4899e-01,  2.3264e-01,
         -3.3897e-01, -8.9817e-01,  4.1324e-01, -3.4210e-01,  5.1258e-01,
         -8.8280e-01,  8.5798e-02, -8.9399e-01,  2.1144e-01, -1.6096e-01,
          1.5435e-01,  1.0218e+00, -5.2830e-01, -3.3333e-01, -1.0694e-01,
          1.9911e-02, -6.5109e-01,  7.3702e-01,  2.5199e-01,  3.0509e-01,
          1.3675e-01, -1.1033e+00,  8.0886e-01,  3.1196e-01, -5.8598e-01,
          1.3101e-01,  6.3124e-01, -4.4732e-01,  1.9639e-01,  3.8321e-01,
          7.2513e-01, -4.0199e-01,  7.9587e-01, -6.5386e-01,  3.7391e-01,
          5.3428e-01, -3.3041e-01,  2.0706e-01, -1.1673e+00,  6.3425e-01,
          8.9288e-01, -5.8159e-01, -4.5324e-01, -2.3171e-01, -2.0031e-01,
         -1.4996e-01, -4.8843e-01,  3.4435e-01, -2.0037e-01,  5.6520e-01,
          7.1157e-01, -2.9634e-01, -6.1626e-01,  3.9226e-01,  4.3270e-01,
          4.2075e-01, -3.2024e-01,  3.9684e-01, -1.2843e-01,  3.0499e-01,
         -7.5878e-01,  3.0165e-01,  7.3632e-01,  8.0519e-01, -7.7992e-01,
         -8.8600e-01, -7.1100e-02,  3.4976e-01,  3.5843e-01, -2.6577e-01,
          7.9994e-01,  6.0386e-01,  2.7396e-01,  1.7844e-01,  4.1909e-01,
         -6.2693e-01, -8.4573e-02,  5.5300e-01, -2.1756e-01,  9.3743e-01,
         -6.3162e-01,  4.2532e-01, -2.4154e-01,  6.9852e-01, -4.8227e-01,
         -4.5559e-01, -6.2004e-01,  1.9833e-01,  5.8965e-01,  5.5947e-01,
         -7.8413e-01, -3.3616e-01, -8.5051e-02, -4.1141e-01,  1.9691e-01,
         -3.8117e-01,  3.0116e-01, -8.9925e-01, -9.0775e-01,  4.0662e-02,
          1.7842e-02,  4.9842e-01,  5.1151e-01, -7.1488e-01, -8.7714e-01,
          1.6647e-01, -2.4479e-01, -4.7250e-02, -8.3171e-02,  2.1038e-01,
         -7.5938e-02,  2.7849e-01, -8.0342e-03,  8.3645e-01,  1.2363e+00,
          8.4807e-01,  2.0377e-01,  3.3935e-01,  2.6361e-01, -9.4274e-02,
         -3.4820e-02, -2.8653e-01,  2.4083e-01,  6.8262e-01, -5.6510e-02,
         -6.2071e-01, -8.1834e-03, -9.0976e-01, -5.1093e-01,  4.7802e-01,
          2.7158e-01, -3.3039e-01,  5.3979e-01,  4.8484e-01,  3.0292e-01,
          3.0654e-01, -5.0306e-01, -2.4487e-01, -1.5144e-01, -5.4054e-02,
          2.6716e-01,  3.6031e-01,  3.7407e-01,  2.6198e-01,  1.2675e+00,
         -5.2317e-02,  1.0980e+00, -2.3483e-01, -2.1402e-01, -8.7050e-02,
         -7.4691e-01,  5.9477e-01,  6.0006e-01, -4.2050e-01,  4.8050e-01,
          4.1041e-01, -1.5832e-01, -9.8180e-02,  1.6303e+00, -5.0503e-01,
         -5.3222e-01, -2.4409e-01,  4.4260e-01,  1.0921e+00,  3.9552e-01,
          1.8833e-01, -6.0200e-02, -5.3407e-01,  3.8133e-01,  2.5506e-01,
         -3.4723e-01, -2.3581e-01,  1.0279e+00,  2.9459e-01,  7.4023e-01,
          1.4572e+00, -6.2637e-01, -5.2675e-01,  6.1862e-01, -2.6671e-01,
          2.8665e-01,  2.8853e-02, -1.0010e+00, -3.2299e-01,  9.4562e-01,
         -4.9729e-01, -4.1089e-01,  7.1843e-01,  2.5058e-01,  8.6055e-01,
         -2.8811e-01, -4.8986e-01, -2.3744e-03,  1.0841e-01,  1.1460e-01,
         -8.0010e-01,  3.1518e-01, -3.0421e-01, -3.4073e-01,  1.3940e-01,
          6.1846e-01, -1.6696e-01,  1.6920e-01, -4.1361e-01, -3.9304e-01,
         -3.8111e-01, -3.6364e-01,  1.1824e-01, -6.0660e-01, -3.8753e-01,
          2.8852e-01,  8.2179e-01, -7.0658e-01, -1.8977e-01, -9.8486e-03,
          2.1424e-01, -5.3424e-01, -3.0813e-01, -1.8072e-01,  3.4935e-01,
          2.9442e-01,  5.2035e-02, -3.3073e-01, -1.2244e-01,  5.1729e-01,
         -1.1498e+00,  3.1018e-01, -8.4478e-01, -5.5235e-01,  7.6249e-02,
          1.3186e-01,  1.5535e-01, -2.6342e-01, -7.7609e-02,  4.9057e-01,
         -8.2880e-01,  2.5452e-01, -4.8772e-01,  1.7926e-01, -4.4566e-01,
          9.5318e-01,  4.2831e-02,  4.2192e-01, -7.2266e-01,  8.3906e-01,
         -4.9227e-01, -6.4301e-01,  5.4494e-02,  4.7490e-01, -4.9531e-01,
         -4.9133e-01, -5.8504e-01, -3.2528e-02,  6.8299e-02, -4.8140e-04,
         -4.7553e-02, -1.2204e-01, -2.9066e-02, -2.9140e-01, -4.7764e-01,
         -2.3639e-02,  2.1078e-01, -3.6084e-01,  2.1332e-01, -1.3432e-01,
         -3.1982e-01, -2.4892e-01,  4.1639e-01, -6.7867e-01, -2.4842e-01,
         -3.3015e-01,  8.7989e-01,  1.4716e-01]])"
5,Virus,"tensor([[-3.5298e-01,  6.4429e-01, -4.9298e-01,  1.7436e-01,  4.5682e-01,
         -4.9282e-01,  4.3662e-01,  2.3622e-01, -4.8458e-01, -1.3005e+00,
         -5.5964e-01, -1.4818e-01, -4.3791e-02,  4.4753e-01, -4.0732e-01,
          2.9640e-02, -2.8988e-01, -6.5696e-02,  5.6756e-01, -5.2307e-01,
         -7.8321e-01, -8.6915e-01,  1.8642e-01,  8.4975e-01,  1.1861e-01,
         -7.2670e-01,  3.1018e-01,  1.0221e+00,  3.0454e-01, -7.9312e-01,
         -5.4425e-02,  3.6705e-01, -1.0413e-01,  3.1484e-01, -6.8464e-01,
         -6.5405e-01,  4.1945e-01, -7.5141e-01,  1.9091e-01,  3.5748e-01,
          2.5583e-01, -7.9159e-01,  5.3121e-01, -5.9282e-01, -2.6784e-02,
         -4.7712e-01, -6.9195e-01,  2.7082e-01,  3.7700e-01, -9.3595e-01,
         -1.0025e-01,  3.4271e-01,  1.5890e+00, -9.4625e-01, -3.6896e-01,
          1.3451e+00, -1.0154e+00,  6.4909e-01, -1.5137e-01, -6.5967e-01,
          1.5059e+00, -9.2777e-01,  8.0332e-01,  4.6986e-01,  1.0167e+00,
         -2.2619e-01, -7.5817e-01,  3.4153e-01, -2.6934e-01, -9.2752e-01,
         -4.0697e-01, -4.0612e-01,  6.6755e-01,  3.4704e-01, -4.0488e-01,
          5.8948e-01, -1.3153e-01,  9.0581e-02, -3.7593e-01, -3.8588e-01,
         -4.4644e-01,  4.7007e-01, -4.4563e-01,  1.0759e+00,  4.2826e-01,
          4.8096e-01, -8.6057e-01,  7.1817e-01, -1.3528e-01,  2.8792e-01,
         -1.4104e+00,  6.1569e-01, -2.8067e-01, -5.5184e-01,  1.1714e+00,
          4.5194e-02,  9.3560e-01,  1.2346e-01, -6.8469e-01, -2.6006e-01,
         -2.3507e-03,  1.5279e-01,  6.3314e-01, -4.8510e-01, -4.3988e-01,
          8.4716e-01,  7.3297e-01, -9.6739e-01, -3.4609e-02, -2.6653e-01,
          1.9433e-01,  9.1912e-01, -1.4528e-01,  1.2446e-01, -1.9033e-01,
         -1.0012e-01,  2.0388e-02, -1.9311e-01,  2.2432e-01, -2.7670e-01,
          1.3615e+00,  5.0191e-01, -5.0536e-02,  4.3876e-01,  3.9083e-01,
          7.0349e-01, -3.7866e-01,  6.5827e-01, -4.5928e-01, -1.2466e-01,
          1.1973e+00,  8.8185e-01, -3.0389e-01, -1.3612e-01, -1.7988e-01,
          3.6098e-01, -2.9468e-01, -7.6320e-01,  5.0607e-01, -5.8575e-01,
          2.9891e-01,  4.6433e-03, -2.7682e-01, -7.0100e-01, -1.2300e-01,
          1.6198e-02,  5.0744e-01, -1.0887e-01, -1.1136e+00, -1.0673e+00,
          1.0784e-01, -1.6109e-01, -1.0955e+00,  8.3611e-01,  3.4219e-01,
         -6.8970e-03, -1.5525e-01,  5.2034e-01, -2.3513e-01,  3.7952e-01,
         -1.0748e-01, -3.8207e-02,  1.2457e-01,  4.1365e-01,  7.3194e-02,
         -5.6765e-01,  1.2665e-01, -1.7746e-01, -7.5451e-01,  5.1839e-01,
          1.6879e-01, -7.4486e-03,  8.8708e-02,  6.3145e-01,  4.7214e-01,
         -5.5694e-01,  2.5527e-02,  2.5877e-02,  2.9892e-01, -6.2331e-02,
         -2.3846e-01, -5.1973e-01, -6.4398e-01,  6.9751e-01,  9.4090e-01,
         -7.8747e-01, -3.2996e-01, -3.2620e-01,  9.9193e-01,  4.9363e-01,
         -2.9741e-01, -4.4755e-01, -1.8043e+00, -2.2267e-01, -3.0601e-01,
         -1.4497e-01, -7.1232e-02,  5.1354e-01, -1.2653e-02, -9.4816e-02,
          7.2065e-01,  1.0514e+00, -1.6272e-01,  8.2407e-02, -6.4231e-01,
          6.0326e-01, -7.7794e-02,  7.6446e-01,  3.7890e-01, -1.0678e+00,
          1.7465e-01,  6.2580e-01,  3.5335e-01, -6.0261e-01,  4.7679e-01,
         -1.7199e-01, -5.2176e-01, -7.0791e-01, -4.6561e-01,  5.0921e-01,
         -3.8240e-01,  3.9440e-01, -3.6380e-01, -1.6588e-01,  6.7234e-01,
         -1.3677e-01, -3.9190e-01,  9.6895e-02, -1.1128e+00, -2.5834e-01,
          2.1053e-01, -1.5961e+00,  5.5654e-01, -5.9142e-01,  7.2491e-02,
          5.4970e-01,  1.9301e-01, -4.6221e-01, -4.9075e-01, -6.2020e-01,
          7.1055e-01,  1.8437e-01,  3.3829e-01,  8.8947e-01,  2.7575e-01,
          2.9818e-01, -3.1505e-01, -8.5736e-02,  3.5571e-02,  2.1317e-02,
         -4.4240e-01,  1.6063e-01,  1.1260e-01,  2.3409e-01, -4.1998e-01,
         -6.7412e-01, -2.1272e-01, -1.6801e-01,  3.0358e-01,  5.4741e-01,
          5.3309e-01,  4.4370e-01, -3.3827e-01,  2.9263e-01, -2.3436e-01,
         -2.5974e-01, -5.6720e-01, -3.2762e-01, -2.9718e-01,  3.8235e-01,
          1.4614e+00,  6.9546e-01, -5.8520e-03,  8.1472e-01, -8.1706e-01,
         -9.1758e-01,  7.0744e-01,  3.6749e-01, -5.4294e-01, -9.7114e-02,
         -3.3285e-01,  5.7686e-01,  1.0490e-01,  4.8344e-01, -6.7988e-01,
         -2.2620e-01,  2.5190e-01,  4.5313e-02, -5.1768e-02, -1.8326e-01,
          7.0384e-01, -8.8403e-01,  2.8725e-01,  1.6010e-01,  2.7939e-01,
          5.6942e-02,  3.5978e-01,  1.7467e+00, -1.7666e-01,  9.8174e-01,
         -5.9926e-01,  2.3142e-01,  5.7884e-02, -5.1356e-01,  4.2685e-01,
          8.9553e-02, -5.3390e-01,  3.7444e-01, -2.9243e+00, -8.0884e-01,
          4.2498e-01, -4.1569e-01, -2.7272e-01, -6.8417e-03, -4.0049e-01,
         -9.7483e-01, -1.2772e+00,  5.3223e-01,  3.6927e-01, -2.5501e-01,
          7.9061e-01,  9.0584e-02,  1.2479e+00, -6.3443e-01,  1.2629e-01,
         -7.2182e-01, -2.3089e-01,  8.8939e-01, -1.3807e-01,  4.4426e-02,
          7.3776e-02,  1.1923e+00,  8.0621e-02, -7.1538e-01,  4.7595e-01,
         -5.1105e-01, -1.8120e-01, -2.8230e-01,  6.2055e-01,  4.1098e-01,
          1.2104e+00,  3.4054e-01,  9.1695e-01,  6.6767e-01,  2.7333e-02,
         -1.1041e+00,  2.0133e-01,  4.1086e-01, -2.9785e-01, -1.7613e+00,
         -5.9239e-02,  2.0767e-01,  6.9179e-02,  6.6776e-02, -9.5896e-02,
          5.4634e-01, -6.1935e-01,  9.4431e-01,  3.9144e-01,  5.2623e-01,
          8.7167e-02, -1.1153e+00, -4.4358e-01,  2.5410e-01, -6.4709e-01,
          2.8002e-01, -1.4268e+00, -1.0484e+00,  6.0476e-01, -8.2314e-02,
          6.7943e-02,  1.4540e+00, -2.7936e-01, -1.3324e+00, -1.4717e+00,
          4.4385e-01,  3.5188e-01,  3.3945e-01, -1.0612e+00,  4.1729e-01,
          2.9805e-01, -4.9320e-01, -8.6836e-01, -7.5076e-01,  4.3293e-01,
         -7.5755e-02, -2.8395e-01, -1.3950e-01,  2.7727e-01,  3.3559e-01,
         -6.7831e-01,  1.1303e+00,  2.4047e-02, -3.2021e-01,  1.9245e-01,
          1.0373e-01, -8.3105e-01, -5.5285e-02, -5.0652e-01,  3.7296e-01,
          5.7658e-01,  3.3520e-01,  2.8206e-01,  6.3622e-01,  7.5952e-01,
          9.2223e-01,  6.0963e-01, -5.1233e-01,  1.0209e+00,  4.5503e-02,
          3.3555e-01,  2.7593e-02, -3.8017e-01,  1.5091e-01,  3.8683e-02,
         -5.9219e-01,  7.2062e-01,  2.6350e-01, -7.3265e-01, -1.4011e-01,
          7.0461e-01, -5.7879e-01,  4.0109e-01, -2.1599e-01,  7.4108e-01,
          1.8797e-02, -1.5601e-01,  2.7858e-01, -2.7568e-02,  1.6077e-01,
         -3.3026e-01,  1.5706e-01, -3.4912e-01, -8.3187e-02,  3.7673e-01,
         -4.4107e-01, -6.0151e-01, -4.9747e-01,  1.4967e-01, -1.7959e-01,
          6.4419e-01, -4.2724e-01,  5.6941e-01, -1.0013e-01,  9.9051e-04,
         -1.1583e+00, -6.9959e-01,  7.8044e-02,  6.0238e-02,  1.4189e-02,
         -9.1975e-01,  2.7736e-01,  6.8465e-02,  3.0020e-01, -4.9061e-01,
          1.2144e-01, -5.6517e-01,  4.2546e-01, -1.5061e+00,  8.1260e-02,
          4.1627e-01, -5.7483e-02,  3.6190e-01,  6.4886e-01,  2.8921e-01,
         -5.5760e-01,  4.3745e-01, -2.1666e-01, -1.7060e-01, -9.2532e-01,
         -1.4086e-01, -8.5302e-01, -2.1172e-01,  8.1278e-01, -6.2245e-01,
         -6.8936e-01,  1.1815e-01,  1.3072e-01, -3.1794e-01, -2.2549e-01,
         -1.0078e-01, -7.8424e-02,  6.7990e-02,  1.2938e+00, -8.0714e-01,
         -8.9074e-01,  5.7307e-01, -4.1421e-01,  2.0336e-01, -4.5868e-01,
         -4.3204e-01, -2.0078e-01,  3.8551e-01, -9.1108e-02,  4.4387e-01,
          5.2540e-01, -4.0515e-01,  8.2708e-01,  2.7929e-01,  8.1368e-02,
         -9.1160e-01,  2.0414e-01, -1.1484e+00,  5.5431e-01, -7.5237e-02,
         -7.7113e-01,  1.8913e-01, -3.2183e-01, -8.7962e-01, -1.1797e+00,
          5.5033e-01, -4.0536e-01,  2.0683e-01, -1.4800e-02,  2.2573e-01,
          7.5747e-01, -9.7837e-01,  9.7497e-01,  6.6443e-05,  8.4722e-02,
          5.9730e-01, -2.6105e-01,  8.3488e-01,  8.8522e-01,  2.0200e-01,
          8.8033e-01, -5.8147e-02,  9.1040e-02, -9.9238e-01,  2.0354e-01,
          7.5029e-01, -1.3518e-01,  1.2635e-01, -8.3557e-01, -4.9921e-01,
          1.1801e+00,  2.0838e-01, -3.8664e-01, -6.0681e-01, -2.4360e-01,
          6.2786e-01,  1.1576e-01,  1.9688e-01,  2.5999e-01, -2.3184e-02,
         -4.8864e-02,  4.3074e-01, -4.9885e-01,  4.1923e-01,  3.0975e-01,
         -2.2593e-01,  8.1372e-02,  6.4120e-01, -2.4990e-01,  1.2540e-01,
         -4.6260e-01,  6.2650e-01,  8.9336e-01,  4.8792e-01, -2.1046e-01,
         -3.6237e-01,  1.8243e-01, -9.7126e-01, -1.8629e-01, -1.4752e+00,
          4.4759e-01, -3.5279e-01, -3.9298e-01,  7.5205e-03,  4.2974e-02,
         -1.6324e-01, -6.1217e-01,  5.3186e-01,  2.8890e-01, -1.2331e-02,
         -3.7656e-01,  6.9590e-01, -3.4197e-01, -4.5459e-01,  4.2828e-01,
         -7.5290e-01, -4.4691e-01,  4.6876e-01,  1.3416e+00, -1.8576e-01,
         -7.6890e-01,  2.0889e-01,  4.3475e-02, -9.1413e-01, -6.3340e-01,
         -7.8370e-01,  3.4941e-01, -1.0810e-01, -1.1779e+00, -7.3189e-01,
         -1.2131e-01, -5.2878e-01,  5.5599e-01, -5.9838e-01, -2.7312e-01,
          2.9118e-01,  2.2098e-03, -2.9790e-01, -2.6439e-01,  1.9347e-01,
         -9.5862e-02, -6.7505e-01,  2.2541e-02,  3.4887e-01, -6.8306e-02,
          1.3130e+00,  3.8018e-01,  1.9023e-01,  4.5831e-01, -2.8745e-01,
         -5.7413e-01,  2.1025e-01,  1.6264e-01,  6.9123e-02, -9.2256e-01,
          1.5860e-02,  1.0710e+00, -7.1812e-01, -1.7200e-01,  4.0281e-01,
          2.6418e-01,  5.5637e-01,  5.2732e-02, -4.4790e-02,  7.3067e-01,
          6.7916e-01, -3.5572e-01, -1.6793e-01, -9.7260e-01,  2.7430e-01,
          7.6469e-02,  2.5439e-01,  4.7810e-01, -9.7270e-02,  7.9207e-01,
          4.2663e-01,  1.4450e+00,  1.8058e-01, -4.6183e-01, -4.1109e-02,
         -8.9829e-01, -4.3612e-01,  4.2432e-01,  2.7509e-01, -4.1494e-01,
          2.3451e-01,  6.4245e-01,  7.1437e-01,  7.3431e-01,  3.3459e-01,
          1.5227e-01,  2.7049e-01, -6.9183e-01,  5.8063e-01,  6.8336e-01,
          4.2568e-01, -9.2918e-01,  1.4323e-01,  2.7560e-01, -1.4777e-01,
         -1.4211e+00,  4.6491e-01,  9.9741e-01,  3.2513e-01, -1.4696e-01,
          1.0717e+00, -1.4650e+00, -7.2990e-01, -1.9396e-01,  8.5012e-01,
          1.2255e+00, -7.5856e-01, -8.4459e-01,  6.7785e-01,  7.5122e-01,
         -9.5365e-01,  9.1579e-02,  8.0712e-01, -3.5940e-02,  6.3928e-01,
         -4.9055e-01,  9.4924e-02, -1.5714e-01,  9.7103e-01,  1.4905e-01,
         -8.7972e-01,  1.9910e-01,  2.3755e-01, -5.4638e-01,  2.2478e-01,
         -7.3022e-02, -2.8504e-01, -3.4447e-01,  1.8289e-01, -4.1377e-01,
         -7.3849e-01,  1.9098e-02,  4.9648e-01, -3.0374e-01,  1.9314e-01,
          4.0426e-01, -3.0634e-01, -9.8886e-01, -7.9748e-02,  4.6708e-01,
          1.5287e-01, -7.2592e-01, -6.8474e-01, -4.0147e-01, -7.3461e-04,
          9.0013e-01,  3.9362e-01, -3.4190e-01, -6.3434e-01,  1.0188e+00,
         -9.8299e-01,  7.1856e-01, -4.1292e-01, -1.0669e+00,  8.0498e-01,
          2.6929e-01, -5.1896e-02, -5.5260e-01,  1.7081e-01,  4.2054e-01,
          1.2875e-01, -4.2046e-02, -3.0028e-01,  2.9152e-01, -1.4935e+00,
          5.1994e-01,  1.5859e-01,  4.2575e-01, -7.3927e-01, -4.5548e-01,
          2.3275e-01, -3.7752e-01,  3.5939e-01, -1.3031e-01, -2.7697e-01,
         -7.2901e-01, -3.1532e-01,  7.1456e-02,  2.2149e-01, -4.0240e-01,
         -2.2380e-01, -4.4984e-01,  6.0386e-01, -4.6697e-01, -6.0780e-01,
          2.1989e-02, -1.2807e-01, -8.0337e-01, -3.0864e-01,  2.0972e-01,
          1.2963e-01, -2.3664e-01,  7.0593e-01, -5.0917e-01, -7.9446e-01,
         -2.5952e-01,  5.7499e-01,  1.9225e-01]])"
